label,score,id_a,id_b,name_a,name_b,platform_a,platform_b,developer_a,developer_b,releaseYear_a,releaseYear_b,ESRB_a,ESRB_b,criticScore_a,criticScore_b,userScore_a,userScore_b
1,0.907,metacritic_4066,sales_167,Madden NFL 07,Madden NFL 07,Wii,PS2,EA Canada,EA Sports,2006-01-01,2006-01-01,E,E,81.0,84,8.1,8.2
1,0.908,metacritic_11493,sales_6681,Zoo Tycoon: Marine Mania,Zoo Tycoon 2,PC,PC,Blue Fang Games,Blue Fang Games,2002-01-01,2004-01-01,E,E,71.0,72,7.5,8.1
1,0.903,metacritic_13769,sales_1391,Sniper Elite III,Sniper Elite V2,PS4,PS3,Rebellion,Rebellion,2014-01-01,2012-01-01,M,M,67.0,70,7.1,6.9
1,0.892,metacritic_3768,sales_7339,Star Wars: Jedi Starfighter,Star Wars: The Force Unleashed II,PS2,PC,LucasArts,LucasArts,2002-01-01,2010-01-01,T,T,81.0,59,8.4,5.8
1,0.893,metacritic_20074,sales_2117,Tony Hawk's Pro Skater 5,Tony Hawk: RIDE,Xbox One,Xbox 360,Robomodo,Robomodo,2015-01-01,2009-01-01,T,E10+,39.0,46,2.1,3.0
1,0.9,metacritic_10046,sales_2473,Madden NFL 25,Madden NFL 2004,Xbox One,GameCube,EA Sports,EA Tiburon,2013-01-01,2003-01-01,E,E,73.0,94,5.9,7.7
1,0.908,metacritic_2788,sales_2266,Titanfall,Titanfall,Xbox 360,PC,Bluepoint Games,Respawn Entertainment,2014-01-01,2014-01-01,M,M,83.0,86,6.0,6.2
1,0.896,metacritic_4928,sales_5385,Kelly Slater's Pro Surfer,Kelly Slater's Pro Surfer,GameCube,Game Boy Advance,Treyarch,HotGen,2002-01-01,2002-01-01,E,E,80.0,72,7.7,
1,0.898,metacritic_14066,sales_7027,Runaway: The Dream of the Turtle,Runaway: A Twist of Fate,PC,PC,Pendulo Studios,Pendulo Studios,2007-01-01,2009-01-01,T,T,67.0,79,7.9,8.2
1,0.906,metacritic_2367,sales_7450,Battlefield Vietnam,Battlefield 1942,PC,PC,Digital Illusions,Digital Illusions,2004-01-01,2002-01-01,T,T,84.0,89,7.6,8.6
1,0.909,metacritic_3703,sales_3342,Disgaea 5 Complete,Disgaea 2: Cursed Memories,Switch,PS2,Nippon Ichi Software,Nippon Ichi Software,2017-01-01,2006-01-01,T,T,81.0,84,8.2,6.4
1,0.925,metacritic_457,sales_343,World Soccer Winning Eleven 8 International,World Soccer Winning Eleven 7 International,Xbox,PS2,KCET,KCET,2005-01-01,2003-01-01,E,E,90.0,93,7.7,9.0
1,0.919,metacritic_9041,sales_1918,The Sims 3 Supernatural,The Sims: Medieval,PC,PC,The Sims Studio,The Sims Studio,2012-01-01,2011-01-01,T,T,74.0,77,6.3,6.1
1,0.92,metacritic_1571,sales_5237,Persona 4 Arena,Persona 4: Arena Ultimax,PS3,PS3,Arc System Works,Arc System Works,2012-01-01,2014-01-01,T,T,86.0,84,5.7,8.1
1,0.917,metacritic_5881,sales_414,Madden NFL 07,Madden NFL 09,Playstation Portable,Xbox 360,EA Tiburon,EA Tiburon,2006-01-01,2008-01-01,E,E,78.0,83,6.8,7.0
1,0.91,metacritic_9008,sales_3471,Batman: Arkham Origins,Batman: Arkham Origins,Xbox 360,WiiU,WB Games Montreal,Human Head Studios,2013-01-01,2013-01-01,T,T,74.0,68,7.7,7.4
1,0.914,metacritic_5099,sales_646,Forza Motorsport 5,Forza Motorsport 6,Xbox One,XOne,Turn 10,Turn 10,2013-01-01,2015-01-01,E,E,79.0,87,6.0,7.9
1,0.912,metacritic_4132,sales_777,Madden NFL 08,Madden NFL 15,PS3,XOne,EA Tiburon,EA Sports,2007-01-01,2014-01-01,E,E,81.0,80,6.0,6.4
1,0.923,metacritic_17937,sales_7086,Deadliest Warrior: Legends,Deadliest Warrior: Ancient Combat,Xbox 360,Xbox 360,"Pipeworks Software, Inc.","Pipeworks Software, Inc.",2011-01-01,2012-01-01,M,M,56.0,37,5.6,6.3
1,0.92,metacritic_20180,sales_2477,NBA Live 14,NBA Live 07,Xbox One,Playstation Portable,EA Sports,EA Sports,2013-01-01,2006-01-01,E,E,36.0,64,3.1,7.5
1,0.97,metacritic_2828,sales_3333,MLB 14: The Show,MLB 09: The Show,PS4,PS2,SCEA San Diego Studios,SCEA San Diego Studios,2014-01-01,2009-01-01,E,E,83.0,79,7.6,7.5
1,0.975,metacritic_7153,sales_1999,Tiger Woods PGA Tour 14,Tiger Woods PGA Tour 09,Xbox 360,PS3,EA Tiburon,EA Tiburon,2013-01-01,2008-01-01,E,E,77.0,82,6.5,7.2
1,0.965,metacritic_10187,sales_436,Tom Clancy's Rainbow Six Siege,Tom Clancy's Rainbow Six: Vegas 2,PS4,Xbox 360,Ubisoft Montreal,Ubisoft Montreal,2015-01-01,2008-01-01,M,M,73.0,82,7.2,7.8
1,0.97,metacritic_5476,sales_1391,Sniper Elite 5,Sniper Elite V2,PC,PS3,Rebellion,Rebellion,2022-01-01,2012-01-01,M,M,79.0,70,6.4,6.9
1,0.96,metacritic_4534,sales_3552,Full Spectrum Warrior,Full Spectrum Warrior,PC,PS2,Pandemic Studios,Pandemic Studios,2004-01-01,2005-01-01,M,M,80.0,74,6.9,8.0
1,0.976,metacritic_2325,sales_6862,Puyo Pop,Puyo Pop,Game Boy Advance,Game Boy Advance,Sonic Team,Sonic Team,2002-01-01,2001-01-01,E,E,84.0,84,7.0,
1,0.991,metacritic_16462,sales_3972,F1 2015,F1 2015,PC,XOne,Codemasters,Codemasters,2015-01-01,2015-01-01,E,E,61.0,64,4.0,5.3
1,0.973,metacritic_7081,sales_3792,Tropico 4,Tropico 4,Xbox 360,PC,"Haemimont,Haemimont Games",Haemimont,2011-01-01,2011-01-01,T,T,77.0,78,7.6,7.7
1,0.974,metacritic_8888,sales_2892,Valkyrie Profile: Covenant of the Plume,Valkyrie Profile: Covenant of the Plume,DS,DS,Tri-Ace,Tri-Ace,2009-01-01,2008-01-01,T,T,74.0,74,7.4,6.8
1,0.969,metacritic_7653,sales_5714,Sonic Generations,Sonic Generations,PS3,PC,"Sega,Sonic Team",Sega,2011-01-01,2011-01-01,E,E,76.0,77,8.2,8.3
1,0.94,metacritic_5053,sales_3871,Resident Evil: Revelations,Resident Evil: Deadly Silence,Wii U,DS,Capcom,Capcom,2013-01-01,2006-01-01,M,M,80.0,71,7.9,8.4
1,0.941,metacritic_4251,sales_190,FIFA Soccer 2005,FIFA Soccer 06,Xbox,PS2,EA Canada,EA Canada,2004-01-01,2005-01-01,E,E,81.0,80,8.4,7.8
1,0.934,metacritic_2781,sales_955,Alan Wake,Alan Wake,PC,Xbox 360,Remedy Entertainment,Remedy Entertainment,2012-01-01,2010-01-01,T,T,83.0,83,8.0,8.1
1,0.93,metacritic_4009,sales_4448,Tiger Woods PGA Tour 06,Tiger Woods PGA Tour 06,PC,Playstation Portable,EA Sports,Team Fusion,2005-01-01,2005-01-01,E,E,81.0,80,7.5,7.9
1,0.93,metacritic_8207,sales_6691,Resident Evil: Revelations,Resident Evil 2,Xbox 360,GameCube,Capcom,Capcom,2013-01-01,2003-01-01,M,M,75.0,59,7.8,8.5
1,0.943,metacritic_11753,sales_2980,FIFA Soccer 12,FIFA Soccer 13,Wii,PC,Electronic Arts,Electronic Arts,2011-01-01,2012-01-01,E,E,70.0,86,5.7,6.6
1,0.933,metacritic_11231,sales_6209,Battlefield 2: Euro Force,Battlefield 2,PC,PC,Digital Illusions,Digital Illusions,2006-01-01,2005-01-01,T,T,71.0,91,6.9,8.4
1,0.94,metacritic_3723,sales_7761,Guild Wars 2: End of Dragons,Guild Wars: Factions,PC,PC,ArenaNet,ArenaNet,2022-01-01,2006-01-01,T,T,81.0,84,7.5,8.5
1,0.941,metacritic_4944,sales_4627,Atelier Rorona Plus: The Alchemist of Arland,Atelier Shallie: Alchemists of the Dusk Sea,PS3,PS3,Gust,Gust,2014-01-01,2014-01-01,T,E10+,80.0,76,8.0,7.7
1,0.928,metacritic_12013,sales_378,Killzone,Killzone: Shadow Fall,PS2,PS4,Guerrilla,Guerrilla,2004-01-01,2013-01-01,M,M,70.0,73,7.4,6.8
1,0.921,metacritic_16922,sales_4150,NFL GameDay 2003,NHL FaceOff 2003,PS2,PS2,989 Sports,989 Sports,2002-01-01,2002-01-01,E,E,60.0,55,,
1,0.913,metacritic_4713,sales_432,The Sims 3: Into the Future,The Sims: Bustin' Out,PC,PS2,Maxis,Maxis,2013-01-01,2003-01-01,T,T,80.0,81,5.6,8.4
1,0.917,metacritic_8144,sales_1062,Mario Tennis Aces,Mario Power Tennis,Switch,GameCube,Camelot Software Planning,Camelot Software Planning,2018-01-01,2004-01-01,E,E,75.0,80,7.0,8.5
1,0.91,metacritic_3997,sales_631,Kirby: Nightmare in Dream Land,Kirby: Triple Deluxe,Game Boy Advance,3DS,HAL Labs,HAL Labs,2002-01-01,2014-01-01,E,E,81.0,80,8.6,8.8
1,0.918,metacritic_19636,sales_4368,Sniper: Ghost Warrior,Sniper: Ghost Warrior 2,Xbox 360,Xbox 360,City Interactive,City Interactive,2010-01-01,2013-01-01,M,M,45.0,52,5.8,5.7
1,0.916,metacritic_4352,sales_7112,Company of Heroes 2: The Western Front Armies,Company of Heroes: Opposing Fronts,PC,PC,"Relic,Relic Entertainment",Relic,2014-01-01,2007-01-01,M,M,80.0,87,6.9,8.6
1,0.916,metacritic_251,sales_306,Resident Evil 4: Wii Edition,Resident Evil 6,Wii,PS3,Capcom,Capcom,2007-01-01,2012-01-01,M,M,91.0,74,9.0,5.4
1,0.914,metacritic_4713,sales_312,The Sims 3: Into the Future,The Sims 4,PC,PC,Maxis,Maxis,2013-01-01,2014-01-01,T,T,80.0,70,5.6,3.9
1,0.922,metacritic_20261,sales_1385,Farming Simulator,Farming Simulator 2013,Xbox 360,PC,Giants Software,Giants Software,2013-01-01,2012-01-01,E,E,33.0,65,6.2,7.5
1,0.915,metacritic_14185,sales_5372,All-Star Baseball 2002,All-Star Baseball 2004,GameCube,Xbox,Acclaim,Acclaim,2001-01-01,2003-01-01,E,E,66.0,74,6.3,8.4
1,0.999,metacritic_15797,sales_1257,Seek and Destroy,Seek and Destroy,PS2,PS2,Barnhouse Effect,Barnhouse Effect,2002-01-01,2002-01-01,T,T,63.0,63,8.5,8.8
1,0.999,metacritic_3319,sales_6354,Gladius,Gladius,GameCube,GameCube,LucasArts,LucasArts,2003-01-01,2003-01-01,T,T,82.0,82,8.3,8.8
1,1.0,metacritic_5795,sales_2878,Dance Dance Revolution Ultramix 2,Dance Dance Revolution Ultramix 2,Xbox,Xbox,Konami Computer Entertainment Hawaii,Konami Computer Entertainment Hawaii,2004-01-01,2004-01-01,E,E,78.0,78,7.1,7.1
1,0.997,metacritic_20365,sales_3369,Deca Sports Freedom,DECA Sports Freedom,Xbox 360,Xbox 360,"Hudson,AI",AI,2010-01-01,2010-01-01,E10+,E10+,26.0,26,3.3,3.7
1,1.0,metacritic_771,sales_7304,Zero Escape: Virtue's Last Reward,Zero Escape: Virtue's Last Reward,3DS,3DS,ChunSoft,ChunSoft,2012-01-01,2012-01-01,M,M,88.0,88,8.7,8.8
1,0.999,metacritic_643,sales_7115,Rise of Nations,Rise of Nations,PC,PC,Big Huge Games,Big Huge Games,2003-01-01,2003-01-01,T,T,89.0,89,8.7,9.0
1,1.0,metacritic_11708,sales_3365,MX vs. ATV Untamed,MX vs. ATV Untamed,Wii,Wii,Rainbow Studios,Rainbow Studios,2008-01-01,2008-01-01,E,E,70.0,70,8.3,8.3
1,0.963,metacritic_1582,sales_710,Madden NFL 06,Madden NFL 2001,GameCube,Playstation,EA Sports,EA Sports,2005-01-01,2000-01-01,E,E,86.0,90,8.0,6.8
1,0.979,metacritic_14178,sales_104,Final Fantasy XI,Final Fantasy XII,Xbox 360,PS2,Square Enix,Square Enix,2006-01-01,2006-01-01,T,T,66.0,92,6.6,7.6
1,0.955,metacritic_6365,sales_148,Madden NFL 2001,Madden NFL 06,PC,PS2,EA Sports,EA Sports,2000-01-01,2005-01-01,E,E,78.0,88,5.8,8.0
1,0.961,metacritic_5111,sales_3433,Test Drive Unlimited,Test Drive Unlimited,PC,Xbox 360,Eden Studios,Eden Studios,2007-01-01,2006-01-01,T,E10+,79.0,82,8.1,8.0
1,0.968,metacritic_4436,sales_1461,WWE SmackDown vs. Raw 2010,WWE SmackDown vs. Raw 2009,Xbox 360,Xbox 360,Yuke's,Yuke's,2009-01-01,2008-01-01,T,T,80.0,79,8.3,7.1
1,0.965,metacritic_6688,sales_1355,FIFA Soccer 2002,FIFA Soccer 10,PC,Wii,EA Sports,EA Sports,2001-01-01,2009-01-01,E,E,77.0,75,7.5,6.2
1,0.955,metacritic_10046,sales_617,Madden NFL 25,Madden NFL 06,Xbox One,Xbox,EA Sports,EA Sports,2013-01-01,2005-01-01,E,E,73.0,86,5.9,6.7
1,0.981,metacritic_1157,sales_7574,Pro Evolution Soccer 2017,Pro Evolution Soccer 2017,Xbox One,PC,Konami,Konami,2016-01-01,2016-01-01,E,E,87.0,69,5.9,3.7
1,0.969,metacritic_7316,sales_1391,Sniper Elite,Sniper Elite V2,PS2,PS3,Rebellion,Rebellion,2005-01-01,2012-01-01,M,M,76.0,70,8.3,6.9
1,0.974,metacritic_5275,sales_7859,Transformers: Fall of Cybertron,Transformers: Fall of Cybertron,Xbox 360,PC,High Moon Studios,"High Moon Studios, Mercenary Technologies",2012-01-01,2012-01-01,T,T,79.0,78,8.4,7.9
1,0.96,metacritic_6724,sales_993,The Elder Scrolls Online: Tamriel Unlimited,The Elder Scrolls Online,Xbox One,XOne,ZeniMax Media,ZeniMax Media,2015-01-01,2015-01-01,M,M,77.0,77,8.3,8.4
1,0.999,metacritic_9960,sales_999,Guitar Hero: Aerosmith,Guitar Hero: Aerosmith,Wii,Wii,Vicarious Visions,Vicarious Visions,2008-01-01,2008-01-01,T,T,73.0,73,6.8,7.2
1,0.995,metacritic_2086,sales_4926,BioShock: The Collection,BioShock The Collection,Xbox One,XOne,2K Games,2K Games,2016-01-01,2016-01-01,M,M,84.0,84,8.6,8.3
1,1.0,metacritic_11653,sales_3780,Mat Hoffman's Pro BMX,Mat Hoffman's Pro BMX,Game Boy Advance,Game Boy Advance,HotGen,HotGen,2001-01-01,2001-01-01,E,E,71.0,71,8.0,
1,1.0,metacritic_6565,sales_4333,Mega Man Legacy Collection,Mega Man Legacy Collection,3DS,3DS,Digital Eclipse,Digital Eclipse,2016-01-01,2016-01-01,E,E,77.0,77,7.0,7.1
1,0.997,metacritic_15942,sales_5562,Dead Man's Hand,Dead Man's Hand,Xbox,Xbox,Human Head Studios,Human Head Studios,2004-01-01,2004-01-01,T,T,62.0,62,6.9,8.1
1,1.0,metacritic_13588,sales_1227,Star Fox: Assault,Star Fox: Assault,GameCube,GameCube,Namco,Namco,2005-01-01,2005-01-01,T,T,67.0,67,8.2,8.1
1,0.999,metacritic_15961,sales_4557,Armored Core: For Answer,Armored Core: For Answer,PS3,PS3,From Software,From Software,2008-01-01,2008-01-01,T,T,62.0,62,8.0,7.6
1,0.956,metacritic_471,sales_1838,Madden NFL 2005,Madden NFL 10,GameCube,Wii,EA Tiburon,EA Tiburon,2004-01-01,2009-01-01,E,E,90.0,77,5.6,7.2
1,0.962,metacritic_13841,sales_6942,World Championship Pool 2004,World Championship Pool 2004,Xbox,PS2,Blade Interactive,Blade Interactive,2003-01-01,2004-01-01,E,E,67.0,60,,6.7
1,0.986,metacritic_3197,sales_2486,Pro Evolution Soccer 2015,Pro Evolution Soccer 2010,PS4,Wii,Konami,Konami,2014-01-01,2009-01-01,E,E,82.0,82,7.1,8.4
1,0.956,metacritic_1478,sales_4002,Burnout 2: Point of Impact,Burnout 2: Point of Impact,PS2,Xbox,Criterion Games,Criterion Games,2002-01-01,2003-01-01,E,E,86.0,88,8.3,5.1
1,0.978,metacritic_9302,sales_1402,Pro Evolution Soccer 2008,Pro Evolution Soccer 2014,PS3,PS3,Konami,Konami,2008-01-01,2013-01-01,E,E,74.0,78,6.2,4.1
1,0.98,metacritic_4260,sales_6067,Sniper Elite 4,Sniper Elite,Xbox One,Xbox,Rebellion,Rebellion,2017-01-01,2005-01-01,M,M,81.0,77,8.0,8.5
1,0.96,metacritic_9302,sales_1235,Pro Evolution Soccer 2008,Pro Evolution Soccer 2008,PS3,Xbox 360,Konami,Konami,2008-01-01,2007-01-01,E,E,74.0,76,6.2,7.8
1,0.959,metacritic_10839,sales_4289,Assassin's Creed Syndicate: Jack the Ripper,Assassin's Creed Syndicate,PS4,PC,Ubisoft Quebec,Ubisoft Quebec,2015-01-01,2015-01-01,M,M,72.0,74,7.1,5.9
1,0.993,metacritic_422,sales_3333,MLB 09: The Show,MLB 09: The Show,PS3,PS2,SCEA San Diego Studios,SCEA San Diego Studios,2009-01-01,2009-01-01,E,E,90.0,79,8.1,7.5
1,0.957,metacritic_9016,sales_6927,Rugby 08,Rugby 06,PS2,PS2,EA Canada,EA Canada,2007-01-01,2006-01-01,E,E,74.0,70,7.7,7.8
1,0.994,metacritic_6247,sales_3929,MotoGP '07,MotoGP '07,Xbox 360,Xbox 360,"Climax Group,Climax Studios","Climax Group, Climax Studios",2007-01-01,2007-01-01,E,E,78.0,78,6.9,7.3
1,1.0,metacritic_17465,sales_7334,Pet Alien: An Intergalactic Puzzlepalooza,Pet Alien: An Intergalactic Puzzlepalooza,DS,DS,Shin'en,Shin'en,2007-01-01,2007-01-01,E,E,58.0,58,,
1,1.0,metacritic_9962,sales_5176,Metal Slug Anthology,Metal Slug Anthology,Wii,Wii,Terminal Reality,Terminal Reality,2006-01-01,2006-01-01,T,T,73.0,73,8.2,8.0
1,0.998,metacritic_443,sales_7520,Falcon 4.0: Allied Force,Falcon 4.0: Allied Force,PC,PC,Lead Pursuit,Lead Pursuit,2005-01-01,2005-01-01,T,T,90.0,90,7.6,8.6
1,1.0,metacritic_12600,sales_4919,Blitz: The League,Blitz: The League,Xbox 360,Xbox 360,Midway,Midway,2006-01-01,2006-01-01,M,M,69.0,69,6.6,6.5
1,1.0,metacritic_13863,sales_1330,Nerf N-Strike Elite,NERF N-Strike Elite,Wii,Wii,EA Salt Lake,EA Salt Lake,2009-01-01,2009-01-01,E10+,E10+,67.0,67,4.5,4.5
1,1.0,metacritic_109,sales_1365,Grand Theft Auto: San Andreas,Grand Theft Auto: San Andreas,PC,PC,Rockstar North,Rockstar North,2005-01-01,2005-01-01,M,M,93.0,93,8.9,8.9
1,0.999,metacritic_12183,sales_5821,Hunter: The Reckoning,Hunter: The Reckoning,GameCube,GameCube,High Voltage Software,High Voltage Software,2002-01-01,2002-01-01,M,M,70.0,70,7.3,7.6
1,0.994,metacritic_16377,sales_3775,Harry Potter and the Order of the Phoenix,Harry Potter and the Order of the Phoenix,PS2,PS2,EA Games,EA Games,2007-01-01,2007-01-01,E10+,E10+,61.0,61,5.7,8.0
1,0.998,metacritic_17802,sales_2241,Dynasty Warriors 5: Xtreme Legends,Dynasty Warriors 5: Xtreme Legends,PS2,PS2,Omega Force,Omega Force,2005-01-01,2005-01-01,T,T,57.0,57,8.3,9.1
1,1.0,metacritic_11054,sales_390,Medal of Honor Heroes,Medal of Honor Heroes,Playstation Portable,Playstation Portable,Team Fusion,Team Fusion,2006-01-01,2006-01-01,T,T,71.0,71,7.9,7.9
1,1.0,metacritic_18527,sales_6949,Frogger: Ancient Shadow,Frogger: Ancient Shadow,GameCube,GameCube,Hudson Soft,Hudson Soft,2005-01-01,2005-01-01,E,E,54.0,54,7.7,
1,1.0,metacritic_8425,sales_4004,kill.switch,Kill.Switch,Xbox,Xbox,Namco,Namco,2003-01-01,2003-01-01,T,T,75.0,75,7.9,8.0
1,1.0,metacritic_2528,sales_4701,Virtua Tennis,Virtua Tennis,Game Boy Advance,Game Boy Advance,Altron,Altron,2002-01-01,2002-01-01,E,E,83.0,83,,
1,1.0,metacritic_2940,sales_851,Battlefield: Bad Company,Battlefield: Bad Company,Xbox 360,Xbox 360,EA DICE,EA DICE,2008-01-01,2008-01-01,T,T,83.0,83,7.7,7.7
1,1.0,metacritic_17517,sales_6463,Fighter Maker 2,Fighter Maker 2,PS2,PS2,Enterbrain,Enterbrain,2002-01-01,2002-01-01,T,T,58.0,58,7.8,7.8
1,1.0,metacritic_19513,sales_4056,X-Men: Destiny,X-Men: Destiny,Xbox 360,Xbox 360,Silicon Knights,Silicon Knights,2011-01-01,2011-01-01,T,T,47.0,47,4.9,5.0
1,1.0,metacritic_202,sales_497,Rock Band 2,Rock Band 2,Xbox 360,Xbox 360,Harmonix Music Systems,Harmonix Music Systems,2008-01-01,2008-01-01,T,T,92.0,92,8.2,8.3
1,1.0,metacritic_15627,sales_3075,Silent Scope,Silent Scope,PS2,PS2,KCET,KCET,2000-01-01,2000-01-01,M,M,63.0,63,6.8,
1,1.0,metacritic_15638,sales_2249,Spider-Man 3,Spider-Man 3,Xbox 360,Xbox 360,Treyarch,Treyarch,2007-01-01,2007-01-01,T,T,63.0,63,7.1,7.0
1,0.999,metacritic_13562,sales_7189,Legasista,Legasista,PS3,PS3,System Prisma,System Prisma,2012-01-01,2012-01-01,T,T,68.0,68,6.7,6.3
1,1.0,metacritic_19002,sales_4893,Beowulf: The Game,Beowulf: The Game,PS3,PS3,Ubisoft,Ubisoft,2007-01-01,2007-01-01,M,M,51.0,51,5.1,5.2
1,1.0,metacritic_721,sales_862,Tiger Woods PGA Tour 2005,Tiger Woods PGA Tour 2005,PS2,PS2,EA Sports,EA Sports,2004-01-01,2004-01-01,E,E,88.0,88,8.2,8.2
1,0.999,metacritic_19846,sales_2811,Naughty Bear,Naughty Bear,PS3,PS3,Artificial Mind and Movement,Artificial Mind and Movement,2010-01-01,2010-01-01,T,T,43.0,43,5.9,5.5
1,1.0,metacritic_740,sales_2175,Assassin's Creed: Brotherhood,Assassin's Creed: Brotherhood,PC,PC,Ubisoft Montreal,Ubisoft Montreal,2011-01-01,2011-01-01,M,M,88.0,88,8.0,8.2
1,1.0,metacritic_3743,sales_1038,Ratchet: Deadlocked,Ratchet: Deadlocked,PS2,PS2,Insomniac Games,Insomniac Games,2005-01-01,2005-01-01,T,T,81.0,81,8.8,8.9
1,0.997,metacritic_4139,sales_6519,NHL Hitz Pro,NHL Hitz Pro,Xbox,Xbox,Next Level Games,Next Level Games,2003-01-01,2003-01-01,E,E,81.0,81,7.5,8.8
1,0.999,metacritic_15423,sales_2823,Ghostbusters: The Video Game,Ghostbusters: The Video Game,PS2,PS2,War Drum Studios,War Drum Studios,2009-01-01,2009-01-01,E10+,E10+,64.0,64,8.3,8.7
1,1.0,metacritic_12814,sales_7187,Scaler,Scaler,GameCube,GameCube,Artificial Mind and Movement,Artificial Mind and Movement,2004-01-01,2004-01-01,E,E,69.0,69,7.4,7.3
1,1.0,metacritic_17085,sales_5079,Tom Clancy's Ghost Recon,Tom Clancy's Ghost Recon,GameCube,GameCube,Red Storm Entertainment,Red Storm Entertainment,2003-01-01,2003-01-01,M,M,59.0,59,5.3,5.4
1,1.0,metacritic_4549,sales_7482,Colin McRae Rally 2.0,Colin McRae Rally 2.0,Game Boy Advance,Game Boy Advance,Spellbound,Spellbound,2002-01-01,2002-01-01,E,E,80.0,80,,
1,0.998,metacritic_46,sales_840,Tom Clancy's Splinter Cell Pandora Tomorrow,Tom Clancy's Splinter Cell: Pandora Tomorrow,Xbox,Xbox,Ubisoft Shanghai,Ubisoft Shanghai,2004-01-01,2004-01-01,T,T,93.0,93,8.6,8.6
1,1.0,metacritic_9581,sales_5270,Tak 2: The Staff of Dreams,Tak 2: The Staff of Dreams,Xbox,Xbox,Avalanche Software,Avalanche Software,2004-01-01,2004-01-01,E,E,73.0,73,,
1,1.0,metacritic_1595,sales_1605,ESPN College Hoops 2K5,ESPN College Hoops 2K5,PS2,PS2,Visual Concepts,Visual Concepts,2004-01-01,2004-01-01,E,E,86.0,86,8.1,8.1
1,1.0,metacritic_17119,sales_4715,NBA Live 16,NBA Live 16,PS4,PS4,EA Sports,EA Sports,2015-01-01,2015-01-01,E,E,59.0,59,6.1,6.1
1,1.0,metacritic_16675,sales_5516,MX vs. ATV Untamed,MX vs. ATV Untamed,DS,DS,Rainbow Studios,Rainbow Studios,2007-01-01,2007-01-01,E,E,61.0,61,,
1,1.0,metacritic_16434,sales_5877,Over the Hedge,Over the Hedge,Xbox,Xbox,Edge of Reality,Edge of Reality,2006-01-01,2006-01-01,E10+,E10+,61.0,61,,
1,1.0,metacritic_19706,sales_7743,Hummer Badlands,Hummer Badlands,Xbox,Xbox,Eutechnyx,Eutechnyx,2006-01-01,2006-01-01,E,E,44.0,44,6.0,6.0
1,1.0,metacritic_587,sales_7317,Guild Wars,Guild Wars,PC,PC,ArenaNet,ArenaNet,2005-01-01,2005-01-01,T,T,89.0,89,8.4,8.4
1,1.0,metacritic_18315,sales_2652,Spider-Man: Friend or Foe,Spider-Man: Friend or Foe,DS,DS,Artificial Mind and Movement,Artificial Mind and Movement,2007-01-01,2007-01-01,E10+,E10+,55.0,55,6.9,
1,1.0,metacritic_13801,sales_4336,NCAA March Madness 07,NCAA March Madness 07,Xbox 360,Xbox 360,EA Canada,EA Canada,2007-01-01,2007-01-01,E,E,67.0,67,7.1,7.1
1,1.0,metacritic_2167,sales_3002,No More Heroes 2: Desperate Struggle,No More Heroes 2: Desperate Struggle,Wii,Wii,Grasshopper Manufacture,Grasshopper Manufacture,2010-01-01,2010-01-01,M,M,84.0,84,8.8,8.8
1,1.0,metacritic_7940,sales_4291,Summoner 2,Summoner 2,PS2,PS2,Volition Inc.,Volition Inc.,2002-01-01,2002-01-01,T,T,76.0,76,8.4,8.3
1,0.996,metacritic_9126,sales_5236,Apex,Apex,Xbox,Xbox,Milestone S.r.l,Milestone S.r.l,2003-01-01,2003-01-01,E,E,74.0,74,7.4,9.1
1,1.0,metacritic_6024,sales_5933,"Blast Works: Build, Trade, Destroy","Blast Works: Build, Trade, Destroy",Wii,Wii,BudCat,BudCat,2008-01-01,2008-01-01,E,E,78.0,78,7.7,7.7
1,1.0,metacritic_12259,sales_3639,Neopets Puzzle Adventure,Neopets Puzzle Adventure,DS,DS,Infinite Interactive,Infinite Interactive,2008-01-01,2008-01-01,E,E,70.0,70,,
1,1.0,metacritic_5904,sales_2359,Hotel Dusk: Room 215,Hotel Dusk: Room 215,DS,DS,Cing,Cing,2007-01-01,2007-01-01,T,T,78.0,78,8.6,8.6
1,1.0,metacritic_3331,sales_6707,S.T.A.L.K.E.R.: Shadow of Chernobyl,S.T.A.L.K.E.R.: Shadow of Chernobyl,PC,PC,GSC Game World,GSC Game World,2007-01-01,2007-01-01,M,M,82.0,82,8.4,8.4
1,0.976,metacritic_11821,sales_2750,"Warhammer 40,000: Space Marine","Warhammer 40,000: Space Marine",PS3,PS3,"Relic,Relic Entertainment",Relic,2011-01-01,2011-01-01,M,M,70.0,70,7.5,7.4
1,0.98,metacritic_18712,sales_5839,Agatha Christie: The ABC Murders,Agatha Christie: The ABC Murders,DS,DS,"Dreamcatcher,Black Lantern Studios",Dreamcatcher,2009-01-01,2009-01-01,T,T,53.0,53,6.2,6.5
1,0.994,metacritic_9638,sales_6701,Gun Showdown,Gun Showdown,Playstation Portable,Playstation Portable,"Rebellion,Neversoft Entertainment","Rebellion, Neversoft Entertainment",2006-01-01,2006-01-01,M,M,73.0,73,7.8,7.6
1,0.998,metacritic_18135,sales_671,Kinect Star Wars,Kinect Star Wars,Xbox 360,Xbox 360,Terminal Reality,Terminal Reality,2012-01-01,2012-01-01,T,T,55.0,55,3.9,3.5
1,1.0,metacritic_307,sales_7309,Neverwinter Nights,Neverwinter Nights,PC,PC,BioWare,BioWare,2002-01-01,2002-01-01,T,T,91.0,91,8.2,8.2
1,1.0,metacritic_17308,sales_6787,MLB SlugFest 2006,MLB SlugFest 2006,Xbox,Xbox,Blue Shift,Blue Shift,2006-01-01,2006-01-01,E10+,E10+,59.0,59,,
1,1.0,metacritic_18122,sales_2733,WWE WrestleMania 21,WWE WrestleMania 21,Xbox,Xbox,Studio Gigante,Studio Gigante,2005-01-01,2005-01-01,T,T,56.0,56,6.8,6.9
1,0.999,metacritic_20220,sales_6674,The History Channel: Battle for the Pacific,The History Channel: Battle for the Pacific,Xbox 360,Xbox 360,Cauldron Ltd.,Cauldron Ltd.,2007-01-01,2007-01-01,T,T,35.0,35,5.9,6.1
1,0.998,metacritic_14423,sales_5682,Spyborgs,Spyborgs,Wii,Wii,Bionic Games,Bionic Games,2009-01-01,2009-01-01,T,T,66.0,66,6.9,6.3
1,1.0,metacritic_17770,sales_1611,Blazing Angels: Squadrons of WWII,Blazing Angels: Squadrons of WWII,Wii,Wii,Ubisoft,Ubisoft,2007-01-01,2007-01-01,T,T,57.0,57,6.8,6.7
1,0.998,metacritic_13501,sales_7116,Men of War: Vietnam,Men of War: Vietnam,PC,PC,Best Way,Best Way,2011-01-01,2011-01-01,T,T,68.0,68,5.4,4.9
1,0.999,metacritic_2023,sales_1115,Fallout: New Vegas,Fallout: New Vegas,PC,PC,Obsidian Entertainment,Obsidian Entertainment,2010-01-01,2010-01-01,M,M,84.0,84,8.9,8.6
1,0.998,metacritic_13144,sales_2433,Tales of Symphonia: Dawn of the New World,Tales of Symphonia: Dawn of the New World,Wii,Wii,Bandai Namco Games,Bandai Namco Games,2008-01-01,2008-01-01,T,T,68.0,68,7.8,7.1
1,1.0,metacritic_20385,sales_6484,Legends of Wrestling II,Legends of Wrestling II,Game Boy Advance,Game Boy Advance,Powerhead Games,Powerhead Games,2002-01-01,2002-01-01,E,E,24.0,24,3.7,3.7
1,1.0,metacritic_9057,sales_860,Disney Infinity,Disney Infinity,Xbox 360,Xbox 360,Avalanche Software,Avalanche Software,2013-01-01,2013-01-01,E10+,E10+,74.0,74,6.6,6.5
1,1.0,metacritic_11891,sales_5771,F1 Career Challenge,F1 Career Challenge,PS2,PS2,Electronic Arts,Electronic Arts,2003-01-01,2003-01-01,E,E,70.0,70,7.7,7.7
1,0.996,metacritic_12583,sales_6224,NBA 10 The Inside,NBA 10: The Inside,Playstation Portable,Playstation Portable,SCEA San Diego Studios,SCEA San Diego Studios,2009-01-01,2009-01-01,E,E,69.0,69,3.0,3.0
0,1.0,metacritic_17131,sales_4728,Open Season,Open Season,Xbox 360,GameCube,Ubisoft,Ubisoft,2006-01-01,2006-01-01,E10+,E10+,59.0,59,7.3,
0,0.998,metacritic_13383,sales_3044,MotoGP 08,MotoGP 08,Xbox 360,PS3,Milestone S.r.l,Milestone S.r.l,2008-01-01,2008-01-01,E,E,68.0,65,6.1,6.0
0,0.996,metacritic_681,sales_4534,NBA 2K11,NBA 2K11,Xbox 360,PC,Visual Concepts,Visual Concepts,2010-01-01,2010-01-01,E,E,89.0,82,8.4,8.6
0,0.996,metacritic_10885,sales_1305,Shrek 2,Shrek 2,Xbox,GameCube,"Luxoflux, Inc.","Luxoflux, Inc.",2004-01-01,2004-01-01,E,E,72.0,70,5.7,6.4
0,0.998,metacritic_1369,sales_2266,Titanfall,Titanfall,Xbox One,PC,Respawn Entertainment,Respawn Entertainment,2014-01-01,2014-01-01,M,M,86.0,86,6.7,6.2
0,0.992,metacritic_10926,sales_1355,FIFA Soccer 10,FIFA Soccer 10,PC,Wii,EA Sports,EA Sports,2009-01-01,2009-01-01,E,E,72.0,75,4.7,6.2
0,0.994,metacritic_19406,sales_3025,Star Wars The Clone Wars: Republic Heroes,Star Wars The Clone Wars: Republic Heroes,Wii,Xbox 360,Krome Studios,Krome Studios,2009-01-01,2009-01-01,T,T,48.0,43,5.9,6.3
0,0.993,metacritic_13926,sales_3727,Ice Age: Dawn of the Dinosaurs,Ice Age: Dawn of the Dinosaurs,PS3,Wii,Activision,Activision,2009-01-01,2009-01-01,E10+,E10+,67.0,75,7.6,8.3
0,0.975,metacritic_12149,sales_5838,The Whispered World,The Whispered World,PC,PC,Daedalic Entertainment,Daedalic Entertainment,2010-01-01,2009-01-01,E,E,70.0,70,7.4,7.6
0,0.988,metacritic_17888,sales_1695,WWE 2K15,WWE 2K15,Xbox One,PS3,Yuke's,Yuke's,2014-01-01,2014-01-01,T,T,56.0,55,5.3,3.1
0,0.963,metacritic_8499,sales_2012,Farming Simulator 22,Farming Simulator 17,PlayStation 5,PC,Giants Software,Giants Software,2021-01-01,2016-01-01,E,E,75.0,64,6.1,8.0
0,0.967,metacritic_369,sales_187,Fallout 3,Fallout 4,PS3,XOne,Bethesda Game Studios,Bethesda Game Studios,2008-01-01,2015-01-01,M,M,90.0,88,8.2,6.2
0,0.976,metacritic_3355,sales_5784,Pro Evolution Soccer 2019,Pro Evolution Soccer 2014,Xbox One,PC,Konami,Konami,2018-01-01,2013-01-01,E,E,82.0,74,6.6,4.4
0,0.96,metacritic_9246,sales_3745,Pro Race Driver,Pro Race Driver,PC,PS2,Codemasters,Codemasters,2003-01-01,2002-01-01,T,T,74.0,81,7.4,8.5
0,0.999,metacritic_3071,sales_284,FIFA 16,FIFA 16,PS4,XOne,EA Sports,EA Sports,2015-01-01,2015-01-01,E,E,82.0,84,4.4,4.4
0,0.998,metacritic_10673,sales_4859,Robotech: Battlecry,Robotech: Battlecry,PS2,GameCube,Vicious Cycle,Vicious Cycle,2002-01-01,2002-01-01,T,T,72.0,74,8.2,8.4
0,0.996,metacritic_690,sales_1421,Prince of Persia: The Sands of Time,Prince of Persia: The Sands of Time,PC,Xbox,Ubisoft,Ubisoft,2003-01-01,2003-01-01,T,T,89.0,92,8.5,7.8
0,0.996,metacritic_5583,sales_3258,Mini Ninjas,Mini Ninjas,Wii,PS3,Io Interactive,Io Interactive,2009-01-01,2009-01-01,E10+,E10+,79.0,73,8.3,8.7
0,0.998,metacritic_581,sales_3580,NBA Street V3,NBA Street V3,Xbox,GameCube,EA Canada,EA Canada,2005-01-01,2005-01-01,E,E,89.0,88,7.9,8.4
0,0.993,metacritic_19024,sales_3426,Murdered: Soul Suspect,Murdered: Soul Suspect,Xbox One,PS4,Airtight Games,Airtight Games,2014-01-01,2014-01-01,M,M,51.0,59,7.2,6.9
0,0.977,metacritic_4693,sales_6494,Resident Evil,Resident Evil 5,Switch,PC,Capcom,Capcom,2019-01-01,2009-01-01,M,M,80.0,86,8.4,7.1
0,0.993,metacritic_16739,sales_2843,Crash: Mind Over Mutant,Crash: Mind Over Mutant,Xbox 360,Wii,Radical Entertainment,Radical Entertainment,2008-01-01,2008-01-01,E10+,E10+,60.0,70,6.3,6.6
0,0.954,metacritic_16424,sales_5532,CSI: Crime Scene Investigation,CSI: Crime Scene Investigation,PC,Xbox,369 Interactive,369 Interactive,2003-01-01,2004-01-01,M,M,61.0,45,6.8,7.3
0,0.955,metacritic_13410,sales_2314,Enslaved: Odyssey to the West - Pigsy's Perfect 10,Enslaved: Odyssey to the West,Xbox 360,PS3,Ninja Theory,Ninja Theory,2010-01-01,2010-01-01,T,T,68.0,80,7.2,7.4
0,0.993,metacritic_20214,sales_3525,Charlie and the Chocolate Factory,Charlie and the Chocolate Factory,PS2,Game Boy Advance,"High Voltage Software,Backbone Entertainment","High Voltage Software, Backbone Entertainment",2005-01-01,2005-01-01,E,E,35.0,36,4.0,3.8
0,0.975,metacritic_9233,sales_4255,Armored Core 3,Armored Core V,PS2,Xbox 360,From Software,From Software,2002-01-01,2012-01-01,T,T,74.0,68,8.7,7.2
0,0.966,metacritic_1577,sales_5413,DiRT Rally,DiRT Rally,PC,XOne,Codemasters,Codemasters,2015-01-01,2016-01-01,E,E,86.0,86,8.5,8.0
0,0.966,metacritic_14291,sales_7320,Freaky Flyers,Freaky Flyers,PS2,Xbox,Midway Studios - San Diego,Midway,2003-01-01,2003-01-01,T,T,66.0,64,7.7,
0,0.995,metacritic_18742,sales_4190,Tetris Worlds,Tetris Worlds,Xbox,GameCube,Radical Entertainment,Radical Entertainment,2002-01-01,2002-01-01,E,E,53.0,47,5.6,5.6
0,0.998,metacritic_2255,sales_279,Assassin's Creed IV: Black Flag,Assassin's Creed IV: Black Flag,PC,Xbox 360,Ubisoft,Ubisoft,2013-01-01,2013-01-01,M,M,84.0,86,8.3,7.9
0,0.997,metacritic_18795,sales_7762,WinBack 2: Project Poseidon,WinBack 2: Project Poseidon,Xbox,PS2,Cavia Inc.,Cavia Inc.,2006-01-01,2006-01-01,T,T,52.0,48,,
0,0.997,metacritic_15140,sales_6198,The Spiderwick Chronicles,The Spiderwick Chronicles,PS2,DS,Stormfront Studios,Stormfront Studios,2008-01-01,2008-01-01,E10+,E10+,64.0,60,8.0,
0,0.993,metacritic_714,sales_989,Fallout 4,Fallout 4,Xbox One,PC,Bethesda Game Studios,Bethesda Game Studios,2015-01-01,2015-01-01,M,M,88.0,84,6.7,5.4
0,0.991,metacritic_9250,sales_1156,Naruto Shippuden: Ultimate Ninja Storm 2,Naruto Shippuden: Ultimate Ninja Storm 4,Xbox 360,PS4,CyberConnect2,CyberConnect2,2010-01-01,2016-01-01,T,T,74.0,79,8.4,8.2
0,0.957,metacritic_4938,sales_167,Madden NFL 15,Madden NFL 07,Xbox One,PS2,EA Sports,EA Sports,2014-01-01,2006-01-01,E,E,80.0,84,6.3,8.2
0,0.972,metacritic_168,sales_194,Street Fighter 6,Street Fighter IV,PlayStation 5,PS3,Capcom,Capcom,2023-01-01,2009-01-01,T,T,92.0,94,5.6,7.3
0,0.955,metacritic_1405,sales_4086,The Legend of Heroes: Trails to Azure,The Legend of Heroes: Trails of Cold Steel,PC,Playstation Vita,Falcom,Falcom,2023-01-01,2013-01-01,T,T,86.0,77,7.8,7.5
0,0.96,metacritic_3324,sales_1546,Tom Clancy's Ghost Recon: Island Thunder,Tom Clancy's Ghost Recon: Island Thunder,PC,Xbox,Red Storm Entertainment,Red Storm Entertainment,2002-01-01,2003-01-01,M,M,82.0,81,6.8,8.8
0,0.991,metacritic_18509,sales_4042,Ghost Rider,Ghost Rider,PS2,Playstation Portable,Climax Group,Climax Group,2007-01-01,2007-01-01,T,T,54.0,49,7.1,5.7
0,0.965,metacritic_2565,sales_1040,Baldur's Gate: Dark Alliance,Baldur's Gate: Dark Alliance,Xbox,PS2,Snowblind Studios,Snowblind Studios,2002-01-01,2001-01-01,T,T,83.0,87,8.5,8.3
0,0.999,metacritic_18772,sales_6231,Sniper: Ghost Warrior 2,Sniper: Ghost Warrior 2,PS3,PC,City Interactive,City Interactive,2013-01-01,2013-01-01,M,M,52.0,52,6.0,5.8
0,0.999,metacritic_7529,sales_6414,Second Sight,Second Sight,PS2,Xbox,Free Radical Design,Free Radical Design,2004-01-01,2004-01-01,T,T,76.0,75,7.9,8.0
0,0.996,metacritic_16327,sales_3767,Rory McIlroy PGA Tour,Rory McIlroy PGA Tour,PS4,XOne,EA Tiburon,EA Tiburon,2015-01-01,2015-01-01,E,E,61.0,60,3.8,4.3
0,0.999,metacritic_1921,sales_2416,The Warriors,The Warriors,Xbox,PS2,Rockstar Toronto,Rockstar Toronto,2005-01-01,2005-01-01,M,M,85.0,84,8.3,8.5
0,0.966,metacritic_906,sales_397,FIFA Soccer 11,FIFA Soccer 10,Xbox 360,Xbox 360,EA Sports,EA Sports,2010-01-01,2009-01-01,E,E,88.0,90,7.5,7.5
0,0.959,metacritic_4852,sales_7559,FIFA Soccer 09 All-Play,FIFA Soccer 09,Wii,PC,EA Canada,EA Canada,2008-01-01,2008-01-01,E,E,80.0,77,8.1,6.8
0,0.991,metacritic_14554,sales_4078,Harry Potter and the Goblet of Fire,Harry Potter and the Goblet of Fire,PC,Xbox,Electronic Arts,Electronic Arts,2005-01-01,2005-01-01,E10+,E10+,66.0,68,4.1,5.8
0,0.993,metacritic_4772,sales_3326,Kelly Slater's Pro Surfer,Kelly Slater's Pro Surfer,Xbox,PS2,Treyarch,Treyarch,2002-01-01,2002-01-01,E,E,80.0,77,6.8,8.4
0,0.968,metacritic_2612,sales_6268,Resident Evil 5,Resident Evil 6,Xbox 360,PS4,Capcom,Capcom,2009-01-01,2016-01-01,M,M,83.0,60,7.5,6.7
0,0.968,metacritic_15155,sales_1385,Farming Simulator 19,Farming Simulator 2013,PS4,PC,Giants Software,Giants Software,2018-01-01,2012-01-01,E,E,64.0,65,5.0,7.5
0,0.971,metacritic_2233,sales_622,Just Cause 2,Just Cause 3,PC,PS4,Avalanche Studios,Avalanche Studios,2010-01-01,2015-01-01,M,M,84.0,73,7.6,6.5
0,0.963,metacritic_1582,sales_710,Madden NFL 06,Madden NFL 2001,GameCube,Playstation,EA Sports,EA Sports,2005-01-01,2000-01-01,E,E,86.0,90,8.0,6.8
0,0.992,metacritic_20006,sales_6194,ShellShock 2: Blood Trails,ShellShock 2: Blood Trails,PC,PS3,Rebellion,Rebellion,2009-01-01,2009-01-01,M,M,40.0,35,5.3,4.8
0,0.993,metacritic_7628,sales_3107,LEGO Star Wars III: The Clone Wars,LEGO Star Wars III: The Clone Wars,Wii,Playstation Portable,Traveller's Tales,Traveller's Tales,2011-01-01,2011-01-01,E10+,E10+,76.0,63,7.9,
0,0.999,metacritic_13461,sales_3087,Virtua Tennis 2009,Virtua Tennis 2009,PC,PS3,Sumo Digital,Sumo Digital,2009-01-01,2009-01-01,E,E,68.0,70,6.3,6.3
0,0.998,metacritic_12051,sales_6516,Full Spectrum Warrior: Ten Hammers,Full Spectrum Warrior: Ten Hammers,PC,PS2,Pandemic Studios,Pandemic Studios,2006-01-01,2006-01-01,M,M,70.0,71,8.3,8.0
0,0.999,metacritic_1364,sales_713,Dragon Age: Origins,Dragon Age: Origins,Xbox 360,PS3,BioWare,BioWare,2009-01-01,2009-01-01,M,M,86.0,87,8.0,7.9
0,0.996,metacritic_12128,sales_7301,Dr. Muto,Dr. Muto,Xbox,GameCube,Midway,Midway,2002-01-01,2002-01-01,T,T,70.0,63,7.2,
0,0.997,metacritic_9947,sales_7367,LEGO Pirates of the Caribbean: The Video Game,LEGO Pirates of the Caribbean: The Video Game,Wii,PC,Traveller's Tales,Traveller's Tales,2011-01-01,2011-01-01,E10+,E10+,73.0,73,7.4,6.6
0,0.96,metacritic_12939,sales_2090,XGRA: Extreme-G Racing Association,XGRA: Extreme G-Racing Association,GameCube,PS2,Acclaim Studios Cheltenham,Acclaim Studios Cheltenham,2003-01-01,2004-01-01,T,T,69.0,68,7.3,8.6
0,0.993,metacritic_17358,sales_7533,Commandos Strike Force,Commandos: Strike Force,PS2,Xbox,Pyro Studios,Pyro Studios,2006-01-01,2006-01-01,T,T,58.0,62,8.0,
0,0.993,metacritic_9018,sales_980,Assassin's Creed Syndicate,Assassin's Creed Syndicate,PC,XOne,Ubisoft Quebec,Ubisoft Quebec,2015-01-01,2015-01-01,M,M,74.0,78,7.3,6.1
0,0.992,metacritic_13142,sales_2330,Tak and the Power of Juju,Tak and the Power of Juju,PS2,Game Boy Advance,Avalanche Software,Avalanche Software,2003-01-01,2003-01-01,E,E,68.0,79,8.6,9.2
0,0.972,metacritic_752,sales_109,Tekken 5,Tekken 2,PS2,Playstation,Namco,Namco,2005-01-01,1996-01-01,T,T,88.0,89,8.7,8.9
0,0.991,metacritic_4354,sales_615,Madden NFL 25,Madden NFL 25,Xbox 360,PS3,EA Sports,EA Sports,2013-01-01,2013-01-01,E,E,80.0,76,5.6,4.1
0,0.97,metacritic_1240,sales_6208,Tom Clancy's Splinter Cell Pandora Tomorrow,Tom Clancy's Splinter Cell: Pandora Tomorrow,PS2,GameCube,Ubisoft Shanghai,Ubisoft,2004-01-01,2004-01-01,T,T,87.0,78,8.1,8.0
0,0.972,metacritic_11396,sales_4980,Naruto Powerful Shippuden,Naruto: Powerful Shippuden,3DS,3DS,Inti Creates,Inti Creates,2013-01-01,2012-01-01,E10+,E10+,71.0,71,5.8,5.4
0,0.959,metacritic_15555,sales_6067,Sniper Elite III,Sniper Elite,Xbox One,Xbox,Rebellion,Rebellion,2014-01-01,2005-01-01,M,M,63.0,77,7.1,8.5
0,0.964,metacritic_795,sales_2427,Tiger Woods PGA Tour 2003,Tiger Woods PGA Tour 11,Xbox,Xbox 360,EA Sports,EA Sports,2002-01-01,2010-01-01,E,E,88.0,79,6.9,7.8
0,0.996,metacritic_16446,sales_3187,TMNT,TMNT,PS2,Wii,Ubisoft Montreal,Ubisoft Montreal,2007-01-01,2007-01-01,E10+,E10+,61.0,60,6.8,5.9
0,0.996,metacritic_14165,sales_5645,Cloudy With a Chance of Meatballs,Cloudy With a Chance of Meatballs,PS3,Wii,Ubisoft Shanghai,Ubisoft Shanghai,2009-01-01,2009-01-01,E,E,66.0,68,6.0,5.3
0,0.996,metacritic_10923,sales_3397,Overlord II,Overlord II,PS3,Xbox 360,Triumph Studios,Triumph Studios,2009-01-01,2009-01-01,T,T,72.0,75,7.8,7.2
0,0.999,metacritic_9581,sales_2081,Tak 2: The Staff of Dreams,Tak 2: The Staff of Dreams,Xbox,PS2,Avalanche Software,Avalanche Software,2004-01-01,2004-01-01,E,E,73.0,71,,8.0
0,0.998,metacritic_8538,sales_2989,I-Ninja,I-Ninja,Xbox,PS2,Argonaut Games,Argonaut Games,2003-01-01,2003-01-01,T,T,75.0,73,7.9,8.3
0,0.999,metacritic_11317,sales_6246,Goblin Commander: Unleash the Horde,Goblin Commander: Unleash the Horde,GameCube,Xbox,Jaleco Entertainment,Jaleco Entertainment,2003-01-01,2003-01-01,T,T,71.0,70,8.7,
0,0.997,metacritic_3147,sales_2001,Tiger Woods PGA Tour 09,Tiger Woods PGA Tour 09,PS3,Xbox 360,EA Tiburon,EA Tiburon,2008-01-01,2008-01-01,E,E,82.0,84,7.1,7.8
0,0.995,metacritic_3871,sales_1594,Darksiders II,Darksiders II,PC,PS3,Vigil Games,Vigil Games,2012-01-01,2012-01-01,M,M,81.0,84,8.0,7.1
0,1.0,metacritic_4973,sales_507,Tom Clancy's The Division,Tom Clancy's The Division,PS4,XOne,Massive Entertainment,Massive Entertainment,2016-01-01,2016-01-01,M,M,80.0,80,7.0,6.9
0,0.997,metacritic_18909,sales_4698,Looney Tunes: Back in Action,Looney Tunes: Back in Action,PS2,Game Boy Advance,Warthog,Warthog,2003-01-01,2003-01-01,E,E,51.0,47,7.6,
0,0.998,metacritic_1010,sales_260,Battlefield: Bad Company 2,Battlefield: Bad Company 2,PC,Xbox 360,EA DICE,EA DICE,2010-01-01,2010-01-01,M,M,87.0,88,8.2,8.6
0,0.965,metacritic_9090,sales_337,Street Fighter V,Street Fighter IV,PC,Xbox 360,Capcom,Capcom,2016-01-01,2009-01-01,T,T,74.0,93,3.2,7.3
0,0.99,metacritic_3425,sales_3498,Pro Evolution Soccer 2018,Pro Evolution Soccer 2013,Xbox One,Xbox 360,Konami,Konami,2017-01-01,2012-01-01,E,E,82.0,82,7.1,6.9
0,0.968,metacritic_12851,sales_4701,Virtua Tennis 4,Virtua Tennis,PS3,Game Boy Advance,Sega,Altron,2011-01-01,2002-01-01,E,E,69.0,83,6.6,
0,0.993,metacritic_12628,sales_5509,nail'd,nail'd,PC,PS3,Techland,Techland,2010-01-01,2010-01-01,E10+,E10+,69.0,66,7.6,6.2
0,0.994,metacritic_7235,sales_1830,Dead to Rights,Dead to Rights,GameCube,Xbox,Namco,Namco,2002-01-01,2002-01-01,M,M,77.0,73,7.6,8.9
0,0.993,metacritic_9978,sales_6795,NFL Blitz Pro,NFL Blitz Pro,PS2,Xbox,Midway,Midway,2003-01-01,2003-01-01,E,E,73.0,71,8.5,6.6
0,0.958,metacritic_2789,sales_2443,NBA Live 2003,NBA Live 09,PS2,PS3,EA Canada,EA Canada,2002-01-01,2008-01-01,E,E,83.0,75,8.3,7.8
0,0.979,metacritic_14178,sales_104,Final Fantasy XI,Final Fantasy XII,Xbox 360,PS2,Square Enix,Square Enix,2006-01-01,2006-01-01,T,T,66.0,92,6.6,7.6
0,0.992,metacritic_7106,sales_2590,NFL Street 2,NFL Street 2,PS2,Xbox,EA Tiburon,EA Tiburon,2004-01-01,2004-01-01,E,E,77.0,78,8.9,6.5
0,0.994,metacritic_18894,sales_2981,Rampage: Total Destruction,Rampage: Total Destruction,PS2,GameCube,"Pipeworks Software, Inc.","Pipeworks Software, Inc.",2006-01-01,2006-01-01,E10+,E10+,51.0,57,7.2,6.7
0,0.998,metacritic_13299,sales_4078,Harry Potter and the Goblet of Fire,Harry Potter and the Goblet of Fire,PS2,Xbox,Electronic Arts,Electronic Arts,2005-01-01,2005-01-01,E10+,E10+,68.0,68,6.2,5.8
0,0.999,metacritic_5399,sales_3979,Trials Fusion,Trials Fusion,PS4,XOne,RedLynx,RedLynx,2014-01-01,2014-01-01,E10+,E10+,79.0,80,7.1,7.1
0,0.998,metacritic_3376,sales_1850,The Lord of the Rings: The Two Towers,The Lord of the Rings: The Two Towers,GameCube,Xbox,Stormfront Studios,Stormfront Studios,2002-01-01,2002-01-01,T,T,82.0,79,8.4,8.1
0,0.997,metacritic_14564,sales_5423,Karaoke Revolution,Karaoke Revolution,PS3,Xbox 360,Blitz Games Studios,Blitz Games Studios,2009-01-01,2009-01-01,T,T,66.0,62,,
0,0.976,metacritic_8696,sales_4471,The King of Fighters XI,The King of Fighters XI,PS2,PS2,SNK Playmore,SNK Playmore,2007-01-01,2006-01-01,T,T,75.0,75,8.6,8.5
0,0.975,metacritic_20464,sales_2116,Half-Life,Half-Life 2,PC,Xbox,Valve Software,Valve Software,1998-01-01,2005-01-01,M,M,96.0,90,9.1,8.6
0,0.976,metacritic_18835,sales_6092,The Ant Bully,The Ant Bully,PS2,Wii,Artificial Mind and Movement,Artificial Mind and Movement,2006-01-01,2006-01-01,E10+,E10+,52.0,45,4.2,1.4
0,0.993,metacritic_15943,sales_6423,Harry Potter and the Sorcerer's Stone,Harry Potter and the Sorcerer's Stone,GameCube,Xbox,Warthog,Warthog,2003-01-01,2003-01-01,E,E,62.0,59,7.3,6.0
0,0.963,metacritic_11011,sales_1860,Godzilla: Destroy All Monsters Melee,Godzilla: Destroy All Monsters Melee,Xbox,GameCube,"Pipeworks Software, Inc.","Pipeworks Software, Inc.",2003-01-01,2002-01-01,T,T,71.0,73,7.0,7.8
0,0.991,metacritic_7152,sales_5725,BlazBlue: Continuum Shift II,BlazBlue: Continuum Shift II,Playstation Portable,3DS,Arc System Works,Arc System Works,2011-01-01,2011-01-01,T,T,77.0,64,6.6,6.1
0,0.961,metacritic_4156,sales_397,FIFA Soccer 2002,FIFA Soccer 10,PlayStation,Xbox 360,EA Sports,EA Sports,2001-01-01,2009-01-01,E,E,81.0,90,6.1,7.5
0,0.957,metacritic_11496,sales_6267,IndyCar Series,Indycar Series 2005,Xbox,Xbox,Codemasters,Codemasters,2003-01-01,2004-01-01,E,E,71.0,72,7.3,
0,1.0,metacritic_20432,sales_11,Grand Theft Auto V,Grand Theft Auto V,Xbox 360,PS3,Rockstar North,Rockstar North,2013-01-01,2013-01-01,M,M,97.0,97,8.3,8.2
0,0.998,metacritic_14564,sales_2794,Karaoke Revolution,Karaoke Revolution,PS3,Wii,Blitz Games Studios,Blitz Games Studios,2009-01-01,2009-01-01,T,T,66.0,63,,
0,0.996,metacritic_4244,sales_4513,NHL Hitz Pro,NHL Hitz Pro,GameCube,PS2,Next Level Games,Next Level Games,2003-01-01,2003-01-01,E,E,81.0,79,8.0,8.9
0,0.989,metacritic_14554,sales_2883,Harry Potter and the Goblet of Fire,Harry Potter and the Goblet of Fire,PC,GameCube,Electronic Arts,Electronic Arts,2005-01-01,2005-01-01,E10+,E10+,66.0,69,4.1,6.3
0,0.976,metacritic_18307,sales_4614,Driving Emotion Type-S,Driving Emotion Type-S,PS2,PS2,Escape,Escape,2001-01-01,2000-01-01,E,E,55.0,55,2.5,
0,0.976,metacritic_11247,sales_4842,FlatOut,FlatOut,Xbox,Xbox,Bugbear,Bugbear,2005-01-01,2004-01-01,T,T,71.0,71,8.0,8.2
0,0.964,metacritic_3778,sales_397,FIFA Soccer 2002,FIFA Soccer 10,GameCube,Xbox 360,EA Sports,EA Sports,2001-01-01,2009-01-01,E,E,81.0,90,8.3,7.5
0,0.99,metacritic_5470,sales_1700,Naruto Shippuden: Ultimate Ninja Storm 4,Naruto Shippuden: Ultimate Ninja Storm 2,PS4,Xbox 360,CyberConnect2,CyberConnect2,2016-01-01,2010-01-01,T,T,79.0,74,8.1,8.5
0,0.957,metacritic_11102,sales_1677,DmC: Devil May Cry - Vergil's Downfall,DmC: Devil May Cry,PS3,PS3,Ninja Theory,Ninja Theory,2013-01-01,2013-01-01,M,M,71.0,85,6.0,5.3
0,0.988,metacritic_6738,sales_2610,FIFA World Cup: Germany 2006,FIFA World Cup Germany 2006,Xbox,Xbox 360,EA Canada,EA Canada,2006-01-01,2006-01-01,E,E,77.0,72,8.4,6.6
0,0.999,metacritic_16067,sales_3599,Wanted: Weapons of Fate,Wanted: Weapons of Fate,PC,PS3,GRIN,GRIN,2009-01-01,2009-01-01,M,M,62.0,61,7.1,7.1
0,0.996,metacritic_6229,sales_1534,Resident Evil: Revelations,Resident Evil: Revelations,Switch,3DS,Capcom,Capcom,2017-01-01,2012-01-01,M,M,78.0,82,8.0,8.5
0,0.995,metacritic_16885,sales_5107,Spider-Man: Friend or Foe,Spider-Man: Friend or Foe,Xbox 360,Wii,Next Level Games,Next Level Games,2007-01-01,2007-01-01,E10+,E10+,60.0,59,6.6,8.0
0,1.0,metacritic_7429,sales_7073,MLB Slugfest 20-04,MLB SlugFest 20-04,Xbox,GameCube,Midway,Midway,2003-01-01,2003-01-01,E,E,76.0,76,,
0,0.997,metacritic_9205,sales_1819,Naruto Shippuden: Ultimate Ninja Storm Generations,Naruto Shippuden: Ultimate Ninja Storm Generations,Xbox 360,PS3,"CyberConnect2,Racjin","CyberConnect2, Racjin",2012-01-01,2012-01-01,T,T,74.0,74,6.9,7.1
0,1.0,metacritic_10502,sales_1303,Tiger Woods PGA Tour 08,Tiger Woods PGA Tour 08,Playstation Portable,Wii,EA Salt Lake,EA Salt Lake,2007-01-01,2007-01-01,E,E,72.0,72,,7.0
0,0.998,metacritic_689,sales_1350,Dark Souls,Dark Souls,PS3,Xbox 360,From Software,From Software,2011-01-01,2011-01-01,M,M,89.0,89,8.9,8.4
0,0.999,metacritic_1013,sales_1849,DiRT 3,DiRT 3,PS3,Xbox 360,Codemasters,Codemasters,2011-01-01,2011-01-01,T,T,87.0,87,7.5,7.1
0,0.997,metacritic_4251,sales_233,FIFA Soccer 2005,FIFA Soccer 2005,Xbox,PS2,EA Canada,EA Canada,2004-01-01,2004-01-01,E,E,81.0,81,8.4,7.6
0,0.996,metacritic_5573,sales_6579,Trackmania Turbo,TrackMania Turbo,PC,XOne,Nadeo,Nadeo,2016-01-01,2016-01-01,E,E,79.0,76,7.1,7.7
0,0.997,metacritic_14162,sales_6900,Saints Row: Gat Out of Hell,Saints Row: Gat out of Hell,PC,PS4,Volition Inc.,Volition Inc.,2015-01-01,2015-01-01,M,M,66.0,64,6.2,5.7
0,0.916,metacritic_6365,sales_644,Madden NFL 2001,Madden NFL 07,PC,Xbox 360,EA Sports,EA Tiburon,2000-01-01,2006-01-01,E,E,78.0,80,5.8,6.0
0,0.915,metacritic_181,sales_2239,Rock Band,Rock Band 3,PS3,PS3,Harmonix Music Systems,Harmonix Music Systems,2007-01-01,2010-01-01,T,T,92.0,91,8.1,8.0
0,0.916,metacritic_14722,sales_1858,The Sims 2: Pets,The Sims 2: Castaway,Wii,DS,Maxis,Full Fat,2007-01-01,2007-01-01,T,E,65.0,66,7.0,4.0
0,0.915,metacritic_3079,sales_3034,Hitman 2,Hitman: Blood Money,PC,Xbox 360,Io Interactive,Io Interactive,2018-01-01,2006-01-01,M,M,82.0,82,7.9,8.7
0,0.915,metacritic_15905,sales_3989,Samurai Warriors Chronicles 3,Samurai Warriors 4,3DS,PS4,Omega Force,Omega Force,2015-01-01,2014-01-01,T,T,63.0,76,7.2,8.1
0,0.926,metacritic_2446,sales_5786,Tom Clancy's Splinter Cell: Blacklist,Tom Clancy's Splinter Cell: Chaos Theory,PS3,GameCube,Ubisoft Toronto,Ubisoft Montreal,2013-01-01,2005-01-01,M,M,84.0,81,7.8,8.5
0,0.92,metacritic_3790,sales_1365,Grand Theft Auto V,Grand Theft Auto: San Andreas,PlayStation 5,PC,Rockstar North,Rockstar North,2022-01-01,2005-01-01,M,M,81.0,93,2.8,8.9
0,0.918,metacritic_16666,sales_6308,Samurai Warriors Chronicles,Samurai Warriors Chronicles 3,3DS,3DS,Omega Force,Omega Force,2011-01-01,2014-01-01,T,T,61.0,63,7.7,6.1
0,0.92,metacritic_15513,sales_3431,FIFA Street 2,FIFA Street 3,Xbox,Xbox 360,EA Canada,EA Canada,2006-01-01,2008-01-01,E,E,63.0,63,6.9,6.9
0,0.909,metacritic_10780,sales_3805,Call of Juarez: Gunslinger,Call of Juarez: The Cartel,Switch,Xbox 360,Techland,Techland,2019-01-01,2011-01-01,M,M,72.0,47,8.1,5.7
0,0.915,metacritic_8578,sales_5815,The Sims 2,The Sims 4: City Living,Xbox,PC,Maxis,Maxis,2005-01-01,2016-01-01,T,T,75.0,77,7.2,5.7
0,0.927,metacritic_1875,sales_2069,NHL 2001,NHL 2001,PS2,Playstation,EA Sports,Page 44 Studios,2000-01-01,2000-01-01,E,E,85.0,88,7.9,7.7
0,0.916,metacritic_14787,sales_1870,Dynasty Warriors 8,Dynasty Warriors 6,Xbox 360,PS3,Omega Force,"Koei, Omega Force",2013-01-01,2007-01-01,T,T,65.0,59,7.6,7.3
0,0.921,metacritic_5796,sales_1587,Burnout,Burnout 2: Point of Impact,PS2,PS2,Criterion Games,Criterion Games,2001-01-01,2002-01-01,E,E,79.0,86,7.3,8.2
0,0.923,metacritic_8344,sales_2095,Tiger Woods PGA Tour 13,Tiger Woods PGA Tour 12: The Masters,PS3,Xbox 360,Electronic Arts,Electronic Arts,2012-01-01,2011-01-01,E,E,75.0,80,5.6,6.1
0,0.926,metacritic_3772,sales_6238,TimeSplitters,TimeSplitters: Future Perfect,PS2,GameCube,Free Radical Design,Free Radical Design,2000-01-01,2005-01-01,T,M,81.0,82,8.0,9.1
0,0.915,metacritic_5045,sales_23,Call of Duty: Warzone Caldera,Call of Duty: Modern Warfare 3,PC,PS3,Infinity Ward,"Infinity Ward, Sledgehammer Games",2020-01-01,2011-01-01,M,M,80.0,88,3.2,3.2
0,0.912,metacritic_4132,sales_777,Madden NFL 08,Madden NFL 15,PS3,XOne,EA Tiburon,EA Sports,2007-01-01,2014-01-01,E,E,81.0,80,6.0,6.4
0,0.924,metacritic_19432,sales_7769,Call of Juarez: The Cartel,Call of Juarez,Xbox 360,PC,Techland,Techland,2011-01-01,2006-01-01,M,M,47.0,72,5.7,7.8
0,0.924,metacritic_14424,sales_3604,Duel Masters: Kaijudo Showdown,Duel Masters: Sempai Legends,Game Boy Advance,Game Boy Advance,Mistic Software,Mistic Software,2004-01-01,2003-01-01,E,E,66.0,69,,8.0
0,0.938,metacritic_13063,sales_4488,Dynasty Warriors 8,Dynasty Warriors: Gundam 2,PS3,Xbox 360,Omega Force,Omega Force,2013-01-01,2008-01-01,T,T,68.0,49,8.1,7.0
0,0.942,metacritic_61,sales_6941,Starcraft II: Wings of Liberty,StarCraft,PC,PC,Blizzard Entertainment,Blizzard Entertainment,2010-01-01,1998-01-01,T,T,93.0,88,8.2,9.1
0,0.948,metacritic_17506,sales_3040,Samurai Warriors 2,Samurai Warriors Chronicles,PS2,3DS,Omega Force,Omega Force,2006-01-01,2011-01-01,T,T,58.0,61,8.7,7.7
0,0.93,metacritic_13924,sales_4731,World Championship Poker: Deluxe Series,World Championship Poker,DS,Game Boy Advance,Sensory Sweep,Sensory Sweep,2005-01-01,2004-01-01,E,E,67.0,66,,
0,0.951,metacritic_9325,sales_6494,Resident Evil: Revelations 2,Resident Evil 5,PC,PC,Capcom,Capcom,2015-01-01,2009-01-01,M,M,74.0,86,7.4,7.1
0,0.932,metacritic_1937,sales_430,Final Fantasy XI,Final Fantasy Tactics,PC,Playstation,"SquareSoft,Square Enix",SquareSoft,2003-01-01,1997-01-01,T,T,85.0,83,7.7,8.2
0,0.931,metacritic_8207,sales_457,Resident Evil: Revelations,Resident Evil - Code: Veronica X,Xbox 360,PS2,Capcom,Capcom,2013-01-01,2001-01-01,M,M,75.0,84,7.8,8.4
0,0.952,metacritic_3285,sales_204,Tekken Tag Tournament 2,Tekken Tag Tournament,PS3,PS2,Namco Bandai Games,Namco,2012-01-01,2000-01-01,T,T,82.0,85,8.1,8.5
0,0.931,metacritic_2476,sales_5856,Resident Evil Code: Veronica X,Resident Evil: Revelations 2,PS2,XOne,Capcom,Capcom,2001-01-01,2015-01-01,M,M,84.0,75,8.5,7.5
0,0.94,metacritic_152,sales_43,Final Fantasy XII,Final Fantasy VII,PS2,Playstation,Square Enix,SquareSoft,2006-01-01,1997-01-01,T,T,92.0,92,7.6,9.2
0,0.957,metacritic_5304,sales_1140,Call of Duty: Modern Warfare II,Call of Duty 4: Modern Warfare,PC,PC,Infinity Ward,Infinity Ward,2022-01-01,2007-01-01,M,M,79.0,92,4.7,8.5
0,0.988,metacritic_15877,sales_2649,Pirates of the Caribbean: Dead Man's Chest,Pirates of the Caribbean: Dead Man's Chest,DS,Game Boy Advance,Amaze Entertainment,Amaze Entertainment,2006-01-01,2006-01-01,T,E10+,63.0,70,7.3,5.6
0,0.992,metacritic_18920,sales_6367,Big Mutha Truckers 2,Big Mutha Truckers 2,PS2,Xbox,Eutechnyx,Eutechnyx,2005-01-01,2005-01-01,M,M,51.0,50,2.5,3.4
0,0.986,metacritic_18173,sales_5037,Thor: God of Thunder,Thor: God of Thunder,3DS,Wii,Red Fly Studio,Red Fly Studio,2011-01-01,2011-01-01,T,T,55.0,56,4.2,8.0
0,0.964,metacritic_466,sales_2355,Tiger Woods PGA Tour 2003,Tiger Woods PGA Tour 11,GameCube,Wii,EA Sports,EA Sports,2002-01-01,2010-01-01,E,E,90.0,84,6.7,8.3
0,0.983,metacritic_1157,sales_4162,Pro Evolution Soccer 2017,pro evolution soccer 2011,Xbox One,Wii,Konami,Konami,2016-01-01,2010-01-01,E,E,87.0,78,5.9,5.4
0,0.972,metacritic_5980,sales_2029,Football Manager 2021,Football Manager 2014,Xbox Series X,PC,Sports Interactive,Sports Interactive,2020-01-01,2013-01-01,,E,78.0,85,7.8,5.5
0,0.974,metacritic_7468,sales_3160,Green Day: Rock Band,Green Day: Rock Band,PS3,Wii,"Harmonix Music Systems,Demiurge Studios",Harmonix Music Systems,2010-01-01,2010-01-01,T,T,76.0,76,6.2,8.8
0,0.983,metacritic_14425,sales_2715,NHL 2005,NHL 2005,PC,PS2,EA Sports,EA Sports,2004-01-01,2004-01-01,E,E,66.0,75,4.5,8.3
0,0.998,metacritic_3488,sales_453,Midnight Club: Los Angeles,Midnight Club: Los Angeles,PS3,Xbox 360,Rockstar San Diego,Rockstar San Diego,2008-01-01,2008-01-01,T,T,82.0,81,8.1,8.5
0,0.996,metacritic_16411,sales_4768,Captain America: Super Soldier,Captain America: Super Soldier,PS3,Xbox 360,Next Level Games,Next Level Games,2011-01-01,2011-01-01,T,T,61.0,60,7.4,6.4
0,0.957,metacritic_8621,sales_1648,Pro Evolution Soccer 2009,Pro Evolution Soccer 2010,Playstation Portable,Xbox 360,Konami,Konami,2008-01-01,2009-01-01,E,E,75.0,78,8.1,7.6
0,0.965,metacritic_3514,sales_297,FIFA Soccer 09,FIFA Soccer 08,PS2,PS2,EA Canada,EA Canada,2008-01-01,2007-01-01,E,E,82.0,83,7.0,6.5
0,0.963,metacritic_2384,sales_710,Madden NFL 16,Madden NFL 2001,Xbox One,Playstation,EA Sports,EA Sports,2015-01-01,2000-01-01,E,E,84.0,90,6.0,6.8
0,0.992,metacritic_18683,sales_4753,X-Men: The Official Game,X-Men: The Official Game,Xbox,Xbox 360,"Z-Axis, Ltd.","Z-Axis, Ltd.",2006-01-01,2006-01-01,T,T,53.0,52,8.1,6.1
0,0.97,metacritic_1384,sales_403,FIFA Soccer 2003,FIFA Soccer 09,GameCube,PS3,EA Canada,EA Canada,2002-01-01,2008-01-01,E,E,86.0,87,7.1,7.5
0,0.967,metacritic_4187,sales_257,Battlefield V,Battlefield 4,PC,PS3,EA DICE,EA DICE,2018-01-01,2013-01-01,M,M,81.0,80,3.0,5.8
0,0.975,metacritic_17251,sales_3571,Guitar Hero: Van Halen,Guitar Hero: Van Halen,PS3,Xbox 360,Neversoft Entertainment,"Neversoft Entertainment, Underground Development",2009-01-01,2009-01-01,T,T,59.0,57,5.4,5.8
0,0.967,metacritic_11857,sales_4842,FlatOut,FlatOut,PS2,Xbox,Bugbear,Bugbear,2005-01-01,2004-01-01,T,T,70.0,71,8.2,8.2
0,0.967,metacritic_704,sales_1581,Tiger Woods PGA Tour 2004,Tiger Woods PGA Tour 2005,Xbox,Xbox,EA Sports,EA Sports,2003-01-01,2004-01-01,E,E,89.0,88,7.2,8.9
0,0.994,metacritic_17212,sales_4837,Leisure Suit Larry: Magna Cum Laude,Leisure Suit Larry: Magna Cum Laude,PC,Xbox,High Voltage Software,High Voltage Software,2004-01-01,2004-01-01,M,M,59.0,62,5.4,6.4
0,0.999,metacritic_13926,sales_5436,Ice Age: Dawn of the Dinosaurs,Ice Age: Dawn of the Dinosaurs,PS3,Xbox 360,Activision,Activision,2009-01-01,2009-01-01,E10+,E10+,67.0,68,7.6,7.5
0,0.997,metacritic_13097,sales_2019,The LEGO Movie Videogame,The LEGO Movie Videogame,PC,WiiU,TT Games,TT Games,2014-01-01,2014-01-01,E10+,E10+,68.0,68,6.8,7.7
0,0.995,metacritic_13449,sales_5520,Phantasy Star Universe,Phantasy Star Universe,PS2,Xbox 360,Sonic Team,Sonic Team,2006-01-01,2006-01-01,T,T,68.0,64,8.1,7.4
0,0.998,metacritic_3357,sales_3129,Tomb Raider: Legend,Tomb Raider: Legend,PS2,Xbox 360,Crystal Dynamics,Crystal Dynamics,2006-01-01,2006-01-01,T,T,82.0,80,7.5,7.3
0,0.99,metacritic_12407,sales_5896,EVE: Valkyrie,EVE: Valkyrie,PC,PS4,CCP,CCP,2016-01-01,2016-01-01,,T,69.0,73,4.7,6.3
0,0.984,metacritic_14274,sales_6492,Dragon Ball Z: Battle of Z,Dragon Ball Z: Battle of Z,PlayStation Vita,Xbox 360,Artdink,Artdink,2014-01-01,2014-01-01,T,T,66.0,53,7.1,5.1
0,0.98,metacritic_478,sales_33,Grand Theft Auto IV,Grand Theft Auto IV,PC,Xbox 360,Rockstar Toronto,Rockstar North,2008-01-01,2008-01-01,M,M,90.0,98,7.1,7.9
0,0.983,metacritic_5721,sales_1686,Pro Evolution Soccer 2011,Pro Evolution Soccer 2016,Xbox 360,PS4,Konami,Konami,2010-01-01,2015-01-01,E,E,79.0,87,6.2,7.1
0,0.964,metacritic_5444,sales_109,Tekken 4,Tekken 2,PS2,Playstation,Namco,Namco,2002-01-01,1996-01-01,T,T,79.0,89,8.0,8.9
0,0.962,metacritic_497,sales_1048,Madden NFL 2001,Madden NFL 17,PlayStation,XOne,EA Sports,EA Sports,2000-01-01,2016-01-01,E,E,90.0,83,6.8,5.9
0,0.956,metacritic_17767,sales_1613,Dynasty Warriors Vol. 2,Dynasty Warriors 2,Playstation Portable,PS2,Omega Force,Omega Force,2006-01-01,2000-01-01,T,T,57.0,75,6.5,8.8
0,0.966,metacritic_1159,sales_2198,MLB 12: The Show,MLB 11: The Show,PS3,PS3,SCEA San Diego Studios,SCEA San Diego Studios,2012-01-01,2011-01-01,E,E,87.0,90,7.9,7.8
0,0.957,metacritic_198,sales_376,Madden NFL 2005,Madden NFL 12,Xbox,Xbox 360,EA Tiburon,EA Tiburon,2004-01-01,2011-01-01,E,E,91.0,78,7.3,5.9
0,0.99,metacritic_17142,sales_6015,Green Lantern: Rise of the Manhunters,Green Lantern: Rise of the Manhunters,Xbox 360,Wii,Double Helix Games,Double Helix Games,2011-01-01,2011-01-01,T,E10+,59.0,46,7.3,
0,0.995,metacritic_4432,sales_6849,Metal Slug Anthology,Metal Slug Anthology,PS2,Playstation Portable,Terminal Reality,Terminal Reality,2007-01-01,2007-01-01,T,T,80.0,78,8.7,7.4
0,0.995,metacritic_810,sales_4211,Dishonored 2,Dishonored 2,PS4,XOne,Arkane Studios,Arkane Studios,2016-01-01,2016-01-01,M,M,88.0,88,8.5,6.8
0,0.999,metacritic_7995,sales_1361,Dead Space 3,Dead Space 3,PS3,Xbox 360,Visceral Games,Visceral Games,2013-01-01,2013-01-01,M,M,76.0,78,6.5,6.4
0,0.998,metacritic_8146,sales_6861,Second Sight,Second Sight,Xbox,GameCube,Free Radical Design,Free Radical Design,2004-01-01,2004-01-01,T,T,75.0,77,8.1,8.5
0,0.99,metacritic_5454,sales_2522,Pro Evolution Soccer 2019,Pro Evolution Soccer 2012,PS4,Xbox 360,Konami,Konami,2018-01-01,2011-01-01,E,E,79.0,78,6.4,6.6
0,0.956,metacritic_1478,sales_4002,Burnout 2: Point of Impact,Burnout 2: Point of Impact,PS2,Xbox,Criterion Games,Criterion Games,2002-01-01,2003-01-01,E,E,86.0,88,8.3,5.1
0,0.957,metacritic_329,sales_828,Madden NFL 2004,Madden NFL 09,PC,PS2,EA Tiburon,EA Tiburon,2003-01-01,2008-01-01,E,E,91.0,67,7.1,7.0
0,0.976,metacritic_15397,sales_5920,Global Touring Challenge: Africa,Global Touring Challenge: Africa,PS2,PS2,Rage Software,Rage Software,2002-01-01,2001-01-01,E,E,64.0,64,,
0,0.978,metacritic_19335,sales_4579,Disney Bolt,Bolt,DS,PS3,Avalanche Software,Avalanche Software,2008-01-01,2008-01-01,E,E10+,48.0,59,6.3,6.8
0,0.957,metacritic_14344,sales_1611,Blazing Angels: Squadrons of WWII,Blazing Angels: Squadrons of WWII,Xbox 360,Wii,Ubisoft,Ubisoft,2006-01-01,2007-01-01,T,T,66.0,57,7.9,6.7
0,0.99,metacritic_6694,sales_2610,FIFA World Cup: Germany 2006,FIFA World Cup Germany 2006,PC,Xbox 360,EA Canada,EA Canada,2006-01-01,2006-01-01,E,E,77.0,72,7.6,6.6
0,0.986,metacritic_12819,sales_6268,Resident Evil 5,Resident Evil 6,PS4,PS4,Capcom,Capcom,2016-01-01,2016-01-01,M,M,69.0,60,7.3,6.7
0,0.979,metacritic_17088,sales_5371,Legends of Wrestling II,Legends of Wrestling,PS2,GameCube,Acclaim,Acclaim,2002-01-01,2002-01-01,T,T,59.0,50,6.1,6.8
0,0.956,metacritic_20412,sales_1629,Tony Hawk's Pro Skater 4,Tony Hawk's Pro Skater 3,PS2,GameCube,Neversoft Entertainment,Neversoft Entertainment,2002-01-01,2001-01-01,T,T,94.0,91,8.3,9.0
0,0.999,metacritic_6284,sales_1648,Pro Evolution Soccer 2010,Pro Evolution Soccer 2010,PC,Xbox 360,Konami,Konami,2009-01-01,2009-01-01,E,E,78.0,78,7.2,7.6
0,0.997,metacritic_14092,sales_2248,DOOM 3 BFG Edition,Doom 3 BFG Edition,Xbox 360,PS3,id Software,id Software,2012-01-01,2012-01-01,M,M,67.0,67,7.1,6.4
0,0.998,metacritic_13560,sales_2347,Crash Tag Team Racing,Crash Tag Team Racing,Playstation Portable,PS2,Radical Entertainment,Radical Entertainment,2005-01-01,2005-01-01,E10+,E10+,68.0,66,7.2,7.0
0,0.983,metacritic_1157,sales_2522,Pro Evolution Soccer 2017,Pro Evolution Soccer 2012,Xbox One,Xbox 360,Konami,Konami,2016-01-01,2011-01-01,E,E,87.0,78,5.9,6.6
0,0.993,metacritic_18915,sales_6175,Pac-Man World Rally,Pac-Man World Rally,Playstation Portable,GameCube,Smart Bomb Interactive,Smart Bomb Interactive,2006-01-01,2006-01-01,E,E,51.0,57,6.9,7.8
0,0.99,metacritic_9782,sales_5594,Fatal Frame: Maiden of Black Water,Fatal Frame: Maiden of Black Water,Switch,WiiU,Koei Tecmo Games,Koei Tecmo Games,2021-01-01,2014-01-01,M,M,73.0,67,9.4,7.6
0,0.994,metacritic_10812,sales_183,Namco Museum,Namco Museum,PS2,Game Boy Advance,Mass Media,Mass Media,2001-01-01,2001-01-01,E,E,72.0,79,6.6,7.3
0,0.958,metacritic_14477,sales_2090,XGRA: Extreme-G Racing Association,XGRA: Extreme G-Racing Association,Xbox,PS2,Acclaim Studios Cheltenham,Acclaim Studios Cheltenham,2003-01-01,2004-01-01,T,T,66.0,68,6.8,8.6
0,0.973,metacritic_16090,sales_2286,Manhunt 2,Manhunt 2,Wii,PS2,Rockstar Toronto,Rockstar London,2007-01-01,2007-01-01,M,M,62.0,67,7.3,7.8
0,0.992,metacritic_16265,sales_2810,Naruto Shippuden: Ultimate Ninja Storm Revolution,Naruto Shippuden: Ultimate Ninja Storm Revolution,Xbox 360,PS3,CyberConnect2,CyberConnect2,2014-01-01,2014-01-01,T,T,62.0,73,7.1,7.5
0,0.976,metacritic_2749,sales_670,Xenosaga Episode I: Der Wille zur Macht,Xenosaga Episode I: Der Wille zur Macht,PS2,PS2,Monolith Soft,Monolith Soft,2003-01-01,2002-01-01,T,T,83.0,83,8.5,8.7
0,1.0,metacritic_20488,sales_1746,Portal 2,Portal 2,Xbox 360,PC,Valve Software,Valve Software,2011-01-01,2011-01-01,E10+,E10+,95.0,95,8.8,8.8
0,0.997,metacritic_4872,sales_2511,WWE SmackDown vs. Raw 2007,WWE SmackDown vs. RAW 2007,PS2,Xbox 360,Yuke's,Yuke's,2006-01-01,2006-01-01,T,T,80.0,81,8.5,7.8
0,0.969,metacritic_7653,sales_5714,Sonic Generations,Sonic Generations,PS3,PC,"Sega,Sonic Team",Sega,2011-01-01,2011-01-01,E,E,76.0,77,8.2,8.3
0,0.96,metacritic_11775,sales_6500,Worms 3D,Worms 3D,PS2,GameCube,Team17,Team 17,2004-01-01,2003-01-01,T,T,70.0,69,7.7,7.6
0,0.981,metacritic_6253,sales_3096,Pro Evolution Soccer 2012,Pro Evolution Soccer 2011 3D,Xbox 360,3DS,Konami,Konami,2011-01-01,2011-01-01,E,E,78.0,73,6.7,6.7
0,0.958,metacritic_18868,sales_7180,Bionicle Heroes,Bionicle Heroes,PS2,Wii,Traveller's Tales,Traveller's Tales,2006-01-01,2007-01-01,E10+,E10+,52.0,52,8.7,5.8
0,0.985,metacritic_13063,sales_900,Dynasty Warriors 8,Dynasty Warriors 5,PS3,PS2,Omega Force,Omega Force,2013-01-01,2005-01-01,T,T,68.0,69,8.1,8.8
0,0.967,metacritic_16894,sales_4488,Dynasty Warriors 6,Dynasty Warriors: Gundam 2,Xbox 360,Xbox 360,Omega Force,Omega Force,2008-01-01,2008-01-01,T,T,60.0,49,7.2,7.0
0,0.958,metacritic_8510,sales_1806,WWE SmackDown vs. Raw 2011,WWE SmackDown vs. Raw 2010,Xbox 360,Wii,Yuke's,Yuke's,2010-01-01,2009-01-01,T,T,75.0,78,7.6,7.7
0,0.972,metacritic_15880,sales_5768,The Book of Unwritten Tales 2,The Book of Unwritten Tales,PS4,PC,KING Art,KING Art,2015-01-01,2009-01-01,,T,63.0,82,6.8,8.2
0,0.976,metacritic_9323,sales_6318,GT Advance 3: Pro Concept Racing,GT Advance 3: Pro Concept Racing,Game Boy Advance,Game Boy Advance,MTO,MTO,2003-01-01,2002-01-01,E,E,74.0,74,8.0,
0,0.993,metacritic_14098,sales_6507,Fallout: Brotherhood of Steel,Fallout: Brotherhood of Steel,Xbox,PS2,Interplay,Interplay,2004-01-01,2004-01-01,M,M,66.0,64,5.3,4.1
0,0.997,metacritic_8195,sales_950,Need for Speed Carbon,Need for Speed Carbon,PS3,PS2,EA Canada,EA Canada,2006-01-01,2006-01-01,E10+,E10+,75.0,74,7.5,8.4
0,0.998,metacritic_8709,sales_5189,Just Cause,Just Cause,PC,Xbox 360,Avalanche Studios,Avalanche Studios,2006-01-01,2006-01-01,M,M,75.0,73,7.0,7.2
0,0.996,metacritic_7062,sales_1840,Borderlands: The Pre-Sequel,Borderlands: The Pre-Sequel,PS3,Xbox 360,2K Australia,2K Australia,2014-01-01,2014-01-01,M,M,77.0,74,7.1,6.4
0,0.965,metacritic_483,sales_5201,Rayman Legends,Rayman Legends,Xbox 360,Playstation Vita,Ubisoft Montpellier,Ubisoft Montpellier,2013-01-01,2014-01-01,E10+,E10+,90.0,87,8.3,8.4
0,0.978,metacritic_3178,sales_3666,LEGO The Lord of the Rings,LEGO The Lord of the Rings,PS3,Playstation Vita,TT Games,TT Games,2012-01-01,2012-01-01,E10+,E10+,82.0,54,7.9,5.6
0,0.979,metacritic_12939,sales_6549,XGRA: Extreme-G Racing Association,XGRA: Extreme G Racing Association,GameCube,PS2,Acclaim Studios Cheltenham,Acclaim Studios Cheltenham,2003-01-01,2003-01-01,T,T,69.0,68,7.3,8.6
0,0.961,metacritic_5468,sales_1104,Just Dance 2014,Just Dance 4,Xbox 360,Xbox 360,Ubisoft,Ubisoft,2013-01-01,2012-01-01,E10+,E10+,79.0,77,7.9,7.7
0,0.988,metacritic_306,sales_99,Gears of War 3,Gears of War,Xbox 360,Xbox 360,Epic Games,Epic Games,2011-01-01,2006-01-01,M,M,91.0,94,8.1,8.3
0,0.985,metacritic_18142,sales_4953,Sniper: Ghost Warrior 3,Sniper: Ghost Warrior,PS4,PC,City Interactive,City Interactive,2017-01-01,2010-01-01,M,M,55.0,55,6.6,5.5
0,0.989,metacritic_17740,sales_7085,The Sims 2: Pets,The Sims 2: Pets,Playstation Portable,PC,Maxis,Maxis,2006-01-01,2006-01-01,T,T,57.0,76,7.5,7.7
0,0.998,metacritic_11837,sales_718,SpongeBob SquarePants: Battle for Bikini Bottom,SpongeBob SquarePants: Battle for Bikini Bottom,Xbox,PS2,Heavy Iron Studios,Heavy Iron Studios,2003-01-01,2003-01-01,E,E,70.0,71,8.5,9.0
0,0.997,metacritic_12341,sales_7030,Rogue Trooper,Rogue Trooper,PC,PS2,Rebellion,Rebellion,2006-01-01,2006-01-01,T,T,69.0,71,7.7,8.2
0,0.996,metacritic_4965,sales_2899,The Suffering,The Suffering,PC,PS2,Surreal Software,Surreal Software,2004-01-01,2004-01-01,M,M,80.0,77,8.0,8.9
0,0.999,metacritic_1210,sales_603,Diablo III,Diablo III,Xbox 360,PS3,Blizzard Entertainment,Blizzard Entertainment,2013-01-01,2013-01-01,M,M,87.0,86,6.6,6.4
0,0.998,metacritic_1734,sales_1792,Crysis 2,Crysis 2,PS3,PC,Crytek,Crytek,2011-01-01,2011-01-01,M,M,85.0,86,7.3,6.8
0,0.997,metacritic_11477,sales_6051,Tornado Outbreak,Tornado Outbreak,Wii,PS3,Loose Cannon Studios,Loose Cannon Studios,2009-01-01,2009-01-01,E10+,E10+,71.0,69,8.2,7.6
0,0.998,metacritic_4724,sales_6929,2002 FIFA World Cup,2002 FIFA World Cup,PC,GameCube,EA Sports,EA Sports,2002-01-01,2002-01-01,E,E,80.0,78,7.4,7.7
0,0.999,metacritic_13687,sales_2098,NIER,NieR,Xbox 360,PS3,Cavia Inc.,Cavia Inc.,2010-01-01,2010-01-01,M,M,67.0,68,8.4,8.4
0,0.999,metacritic_2164,sales_892,LEGO Star Wars II: The Original Trilogy,LEGO Star Wars II: The Original Trilogy,PS2,Playstation Portable,Traveller's Tales,Traveller's Tales,2006-01-01,2006-01-01,E10+,E10+,84.0,83,8.8,8.6
0,0.999,metacritic_1770,sales_324,NBA 2K13,NBA 2K13,Wii U,Xbox 360,Visual Concepts,Visual Concepts,2012-01-01,2012-01-01,E,E,85.0,88,7.2,7.2
0,0.998,metacritic_2883,sales_5417,Sleeping Dogs,Sleeping Dogs,PS3,PC,United Front Games,United Front Games,2012-01-01,2012-01-01,M,M,83.0,81,7.8,8.2
0,0.997,metacritic_10545,sales_5004,Puzzle Quest: Galactrix,Puzzle Quest: Galactrix,PC,DS,Infinite Interactive,Infinite Interactive,2009-01-01,2009-01-01,E10+,E10+,72.0,75,6.4,6.7
0,0.996,metacritic_18056,sales_1051,DRIV3R,Driv3r,Xbox,PS2,Reflections Interactive,Reflections Interactive,2004-01-01,2004-01-01,M,M,56.0,57,4.9,5.5
0,1.0,metacritic_14672,sales_3700,The Adventures of Jimmy Neutron Boy Genius: Attack of the Twonkies,The Adventures of Jimmy Neutron Boy Genius: Attack of the Twonkies,PS2,GameCube,THQ,THQ,2004-01-01,2004-01-01,E,E,65.0,65,8.1,
0,0.997,metacritic_10709,sales_2111,Jak and Daxter: The Lost Frontier,Jak and Daxter: The Lost Frontier,PS2,Playstation Portable,High Impact Games,High Impact Games,2009-01-01,2009-01-01,E10+,E10+,72.0,71,5.8,6.3
0,0.998,metacritic_5286,sales_1313,Skylanders Swap Force,Skylanders SWAP Force,PS4,PS3,Vicarious Visions,Vicarious Visions,2013-01-01,2013-01-01,E10+,E10+,79.0,83,5.3,5.3
0,0.999,metacritic_5462,sales_2424,F.E.A.R. 2: Project Origin,F.E.A.R. 2: Project Origin,PS3,Xbox 360,Monolith Productions,Monolith Productions,2009-01-01,2009-01-01,M,M,79.0,77,8.0,8.0
0,0.995,metacritic_6330,sales_1912,Plants vs Zombies: Garden Warfare,Plants vs. Zombies: Garden Warfare,PC,XOne,PopCap,PopCap,2014-01-01,2014-01-01,E10+,E10+,78.0,76,7.7,7.4
0,0.927,metacritic_10434,sales_3759,Disney's Chicken Little: Ace in Action,Disney's Chicken Little,Wii,GameCube,Avalanche Software,Avalanche Software,2006-01-01,2005-01-01,E10+,E10+,72.0,67,8.2,
0,0.925,metacritic_2850,sales_466,Need for Speed Most Wanted,Need for Speed Underground 2,Xbox,Xbox,EA Canada,EA Canada,2005-01-01,2004-01-01,T,E,83.0,77,8.3,8.7
0,0.914,metacritic_5060,sales_2635,The Sims 4: Snowy Escape,The Sims 2: Pets,PC,Wii,Maxis,Maxis,2020-01-01,2007-01-01,T,T,80.0,65,4.9,7.3
0,0.912,metacritic_1294,sales_1261,DiRT Rally,DiRT 3,Xbox One,PS3,Codemasters,Codemasters,2016-01-01,2011-01-01,E,T,86.0,87,8.0,7.1
0,0.921,metacritic_5290,sales_22,Call of Duty: Warzone,Call of Duty: Modern Warfare 2,PlayStation 5,Xbox 360,Infinity Ward,Infinity Ward,2022-01-01,2009-01-01,M,M,79.0,94,2.7,6.3
0,0.922,metacritic_20216,sales_1861,Jeremy McGrath Supercross World,Jeremy McGrath Supercross 2000,PS2,Playstation,Acclaim,Acclaim,2001-01-01,2000-01-01,T,E,35.0,43,2.9,
0,0.916,metacritic_4436,sales_1097,WWE SmackDown vs. Raw 2010,WWE SmackDown vs Raw 2008,Xbox 360,Playstation Portable,Yuke's,Yuke's,2009-01-01,2007-01-01,T,T,80.0,68,8.3,7.8
0,0.912,metacritic_610,sales_1413,Tom Clancy's Splinter Cell,Tom Clancy's Splinter Cell: Blacklist,PS2,PS3,Ubisoft Shanghai,Ubisoft Toronto,2003-01-01,2013-01-01,T,M,89.0,84,7.8,7.7
0,0.926,metacritic_17328,sales_2774,Transformers: Dark of the Moon,Transformers: Fall of Cybertron,Xbox 360,Xbox 360,High Moon Studios,High Moon Studios,2011-01-01,2012-01-01,T,T,59.0,79,6.2,8.3
0,0.916,metacritic_346,sales_1651,NCAA Football 2003,NCAA Football 10,Xbox,PS3,EA Sports,EA Tiburon,2002-01-01,2009-01-01,E,E,90.0,80,7.3,6.9
0,0.94,metacritic_13830,sales_1918,The Sims Medieval: Pirates & Nobles,The Sims: Medieval,PC,PC,The Sims Studio,The Sims Studio,2011-01-01,2011-01-01,T,T,67.0,77,4.9,6.1
0,0.932,metacritic_4485,sales_3053,Shin Megami Tensei: Strange Journey Redux,Shin Megami Tensei: Devil Survivor Overclocked,3DS,3DS,Atlus,Atlus,2018-01-01,2011-01-01,M,T,80.0,78,5.3,8.2
0,0.952,metacritic_18163,sales_6223,Warriors Orochi,Warriors Orochi 3 Hyper,PS2,WiiU,Omega Force,Omega Force,2007-01-01,2012-01-01,T,T,55.0,64,8.3,7.4
0,0.928,metacritic_3800,sales_820,Call of Duty: Black Ops II,Call of Duty 3,Wii U,PS3,Treyarch,Treyarch,2012-01-01,2006-01-01,M,T,81.0,80,6.9,6.9
0,0.948,metacritic_9903,sales_684,Dishonored: Dunwall City Trials,Dishonored,Xbox 360,Xbox 360,Arkane Studios,Arkane Studios,2012-01-01,2012-01-01,M,M,73.0,88,7.6,7.9
0,0.934,metacritic_2625,sales_3909,LEGO Star Wars II: The Original Trilogy,LEGO Star Wars III: The Clone Wars,Playstation Portable,PC,Traveller's Tales,Traveller's Tales,2006-01-01,2011-01-01,E10+,E10+,83.0,76,8.2,7.5
0,0.942,metacritic_9579,sales_68,Just Dance 2017,Just Dance,Xbox One,Wii,Ubisoft Paris,Ubisoft Paris,2016-01-01,2009-01-01,E10+,E10+,73.0,49,6.6,8.0
0,0.928,metacritic_7695,sales_988,Dying Light 2 Stay Human,Dying Light,PlayStation 5,XOne,Techland,Techland,2022-01-01,2015-01-01,M,M,76.0,74,5.0,7.8
0,0.946,metacritic_17674,sales_1683,Armored Core: Nine Breaker,Armored Core 2,PS2,PS2,From Software,From Software,2005-01-01,2000-01-01,T,T,57.0,78,8.6,8.4
0,0.942,metacritic_12605,sales_3319,The King of Fighters: Maximum Impact - Maniax,The King of Fighters XIII,Xbox,Xbox 360,SNK Playmore,SNK Playmore,2005-01-01,2011-01-01,T,T,69.0,79,7.2,8.2
0,0.944,metacritic_1699,sales_596,Red Faction: Guerrilla,Red Faction,PS3,PS2,Volition Inc.,Volition Inc.,2009-01-01,2001-01-01,M,M,85.0,88,8.0,8.0
0,0.938,metacritic_10357,sales_3989,Samurai Warriors: Xtreme Legends,Samurai Warriors 4,PS2,PS4,Omega Force,Omega Force,2004-01-01,2014-01-01,T,T,72.0,76,8.7,8.1
0,0.936,metacritic_5841,sales_6656,Broken Sword: Shadow of the Templars - The Director's Cut,Broken Sword: The Shadow of the Templars,DS,Game Boy Advance,Revolution Software,Revolution Software,2009-01-01,2002-01-01,T,T,78.0,80,8.0,7.8
0,0.942,metacritic_2594,sales_3865,Resident Evil Village,Resident Evil: Revelations,Xbox Series X,Xbox 360,Capcom,Capcom,2021-01-01,2013-01-01,M,M,83.0,75,5.6,7.4
0,0.948,metacritic_6429,sales_4171,RIDE 4,Ride,Xbox One,PS4,Milestone S.r.l,Milestone S.r.l,2020-01-01,2015-01-01,E,E,78.0,66,5.3,7.0
0,0.942,metacritic_4814,sales_672,Dragon's Dogma: Dark Arisen,Dragon's Dogma,PS3,PS3,Capcom,Capcom,2013-01-01,2012-01-01,M,M,80.0,78,8.1,8.3
0,0.931,metacritic_2707,sales_1174,Call of Duty 3,Call Of Duty 2: Big Red One,Xbox,Xbox,Treyarch,Treyarch,2006-01-01,2005-01-01,T,T,83.0,78,6.2,5.1
0,0.947,metacritic_11751,sales_855,Resident Evil: Revelations,Resident Evil: Outbreak,PS4,PS2,Capcom,Capcom,2017-01-01,2003-01-01,M,M,70.0,71,7.7,8.3
0,0.949,metacritic_9030,sales_2913,Tom Clancy's HAWX,Tom Clancy's HAWX 2,PS3,PS3,Ubisoft Romania,Ubisoft,2009-01-01,2010-01-01,T,T,74.0,70,7.8,6.8
0,0.948,metacritic_6698,sales_937,FIFA Soccer 09,FIFA Soccer 08,PC,Xbox 360,EA Canada,EA Canada,2008-01-01,2007-01-01,E,E,77.0,82,6.8,7.9
0,0.967,metacritic_8688,sales_1836,X-Men: Mutant Academy,X-Men: Mutant Academy 2,PlayStation,Playstation,Paradox Development,Paradox Development,2000-01-01,2001-01-01,T,T,75.0,72,7.6,8.4
0,0.976,metacritic_239,sales_1434,Bayonetta 2,Bayonetta,Wii U,Xbox 360,PlatinumGames,PlatinumGames,2014-01-01,2009-01-01,M,M,91.0,90,8.9,8.0
0,0.965,metacritic_10187,sales_436,Tom Clancy's Rainbow Six Siege,Tom Clancy's Rainbow Six: Vegas 2,PS4,Xbox 360,Ubisoft Montreal,Ubisoft Montreal,2015-01-01,2008-01-01,M,M,73.0,82,7.2,7.8
0,0.964,metacritic_1848,sales_1651,NCAA Football 11,NCAA Football 10,PS3,PS3,EA Tiburon,EA Tiburon,2010-01-01,2009-01-01,E,E,85.0,80,7.5,6.9
0,0.961,metacritic_5111,sales_3433,Test Drive Unlimited,Test Drive Unlimited,PC,Xbox 360,Eden Studios,Eden Studios,2007-01-01,2006-01-01,T,E10+,79.0,82,8.1,8.0
0,0.99,metacritic_10774,sales_1710,GoldenEye 007: Reloaded,Goldeneye 007: Reloaded,Xbox 360,PS3,"Eurocom Entertainment Software,Eurocom",Eurocom Entertainment Software,2011-01-01,2011-01-01,T,T,72.0,72,6.0,6.3
0,0.963,metacritic_16027,sales_7737,Kao the Kangaroo Round 2,Kao the Kangaroo Round 2,Xbox,PS2,Tate Interactive,Tate Interactive,2006-01-01,2005-01-01,E,E,62.0,58,,8.7
0,0.964,metacritic_5659,sales_736,Tiger Woods PGA Tour 11,Tiger Woods PGA Tour 2003,Xbox 360,PS2,EA Sports,EA Sports,2010-01-01,2002-01-01,E,E,79.0,88,7.8,8.9
0,0.992,metacritic_8178,sales_4943,NHL 2005,NHL 2005,PS2,Xbox,EA Sports,EA Sports,2004-01-01,2004-01-01,E,E,75.0,77,8.2,6.2
0,0.997,metacritic_19432,sales_3626,Call of Juarez: The Cartel,Call of Juarez: The Cartel,Xbox 360,PS3,Techland,Techland,2011-01-01,2011-01-01,M,M,47.0,45,5.7,5.5
0,1.0,metacritic_4772,sales_6658,Kelly Slater's Pro Surfer,Kelly Slater's Pro Surfer,Xbox,GameCube,Treyarch,Treyarch,2002-01-01,2002-01-01,E,E,80.0,80,6.8,
0,0.997,metacritic_16264,sales_3281,Leisure Suit Larry: Magna Cum Laude,Leisure Suit Larry: Magna Cum Laude,Xbox,PS2,High Voltage Software,High Voltage Software,2004-01-01,2004-01-01,M,M,62.0,60,6.6,6.3
0,0.999,metacritic_659,sales_1662,DiRT 2,DiRT 2,PC,Xbox 360,Codemasters,Codemasters,2009-01-01,2009-01-01,T,T,89.0,87,8.3,8.2
0,0.995,metacritic_15162,sales_5908,F1 2014,F1 2014,Xbox 360,PC,Codemasters Birmingham,Codemasters Birmingham,2014-01-01,2014-01-01,E,E,64.0,61,4.2,4.8
0,0.995,metacritic_12018,sales_3041,Karaoke Revolution Presents: American Idol Encore,Karaoke Revolution Presents American Idol Encore,Xbox 360,PS2,Blitz Games,Blitz Games,2008-01-01,2008-01-01,E,E,70.0,76,7.0,
0,0.995,metacritic_14213,sales_4338,Evil Dead: Regeneration,Evil Dead: Regeneration,Xbox,PS2,Cranky Pants Games,Cranky Pants Games,2005-01-01,2005-01-01,M,M,66.0,68,7.2,8.5
0,0.997,metacritic_8297,sales_7274,Prince of Persia: The Forgotten Sands,Prince of Persia: The Forgotten Sands,PS3,PC,Ubisoft Montreal,Ubisoft Montreal,2010-01-01,2010-01-01,T,T,75.0,75,7.4,6.6
0,0.998,metacritic_4185,sales_420,Marvel: Ultimate Alliance,Marvel: Ultimate Alliance,PS2,Xbox 360,Raven Software,Raven Software,2006-01-01,2006-01-01,T,T,81.0,82,8.0,7.5
0,0.976,metacritic_13606,sales_2273,NCAA March Madness 08,NCAA March Madness 07,PS3,PS2,EA Canada,EA Canada,2007-01-01,2007-01-01,E,E,67.0,63,4.6,8.6
0,0.982,metacritic_3674,sales_7439,Battlefield 4,Battlefield 2142,PC,PC,EA DICE,EA DICE,2013-01-01,2006-01-01,M,T,81.0,80,6.2,6.8
0,0.969,metacritic_12527,sales_1967,NCAA March Madness 08,NCAA March Madness 2003,Xbox 360,PS2,EA Canada,NuFX,2007-01-01,2002-01-01,E,E,69.0,74,,8.0
0,0.968,metacritic_18633,sales_5927,Samurai Warriors 2 Empires,Samurai Warriors 4: Empires,Xbox 360,PS4,Omega Force,Omega Force,2007-01-01,2015-01-01,T,T,53.0,71,8.3,6.5
0,0.969,metacritic_3778,sales_1138,FIFA Soccer 2002,FIFA Soccer 10,GameCube,Playstation Portable,EA Sports,EA Sports,2001-01-01,2009-01-01,E,E,81.0,83,8.3,7.9
0,0.963,metacritic_11915,sales_5439,Madden NFL 07,Madden NFL 06,DS,DS,Exient Entertainment,Exient Entertainment,2006-01-01,2005-01-01,E,E,70.0,66,6.5,6.3
0,0.976,metacritic_10444,sales_1255,Endless Ocean,Endless Ocean,Wii,Wii,Arika,Arika,2008-01-01,2007-01-01,E,E,72.0,72,8.2,8.1
0,0.962,metacritic_8012,sales_2128,Madden NFL 25,Madden NFL 2002,PS3,GameCube,EA Sports,EA Sports,2013-01-01,2001-01-01,E,E,76.0,89,4.2,
0,0.964,metacritic_68,sales_6697,Street Fighter IV,Street Fighter V,Xbox 360,PC,Capcom,Capcom,2009-01-01,2016-01-01,T,T,93.0,74,7.3,2.9
0,0.975,metacritic_5891,sales_5552,FIFA Soccer 06,FIFA Soccer,PC,Playstation Portable,EA Canada,EA Canada,2005-01-01,2005-01-01,E,E,78.0,73,6.8,7.7
0,0.995,metacritic_18672,sales_3501,Blade II,Blade II,Xbox,PS2,Mucky Foot Productions,Mucky Foot Productions,2002-01-01,2002-01-01,M,M,53.0,49,6.5,6.1
0,0.997,metacritic_16766,sales_2564,GoldenEye: Rogue Agent,GoldenEye: Rogue Agent,GameCube,Xbox,EA LA,EA LA,2004-01-01,2004-01-01,T,T,60.0,61,6.5,7.2
0,1.0,metacritic_10725,sales_3092,Tiger Woods PGA Tour 08,Tiger Woods PGA Tour 08,Wii,Playstation Portable,EA Salt Lake,EA Salt Lake,2007-01-01,2007-01-01,E,E,72.0,72,7.0,
0,0.997,metacritic_6285,sales_6077,GRID Autosport,GRID Autosport,PC,Xbox 360,Codemasters,Codemasters,2014-01-01,2014-01-01,E,E,78.0,75,6.3,6.0
0,0.978,metacritic_9302,sales_1402,Pro Evolution Soccer 2008,Pro Evolution Soccer 2014,PS3,PS3,Konami,Konami,2008-01-01,2013-01-01,E,E,74.0,78,6.2,4.1
0,0.967,metacritic_1118,sales_1422,MLB 13: The Show,MLB 06: The Show,PS3,PS2,SCEA San Diego Studios,SCEA San Diego Studios,2013-01-01,2006-01-01,E,E,87.0,83,8.0,8.9
0,0.962,metacritic_226,sales_3407,World of Warcraft: Wrath of the Lich King,World of Warcraft: Legion,PC,PC,Blizzard Entertainment,Blizzard Entertainment,2008-01-01,2016-01-01,T,T,91.0,88,7.7,7.5
0,0.956,metacritic_4182,sales_1461,WWE SmackDown vs. Raw 2010,WWE SmackDown vs. Raw 2009,PS3,Xbox 360,Yuke's,Yuke's,2009-01-01,2008-01-01,T,T,81.0,79,8.1,7.1
0,0.96,metacritic_7953,sales_6215,Nobunaga's Ambition: Iron Triangle,Nobunaga's Ambition: Rise to Power,PS2,PS2,Koei,Koei,2009-01-01,2004-01-01,E10+,T,76.0,70,8.3,8.8
0,0.993,metacritic_3445,sales_954,MVP Baseball 2004,MVP Baseball 2004,PC,PS2,EA Sports,EA Sports,2004-01-01,2004-01-01,E,E,82.0,90,7.5,8.6
0,0.98,metacritic_19799,sales_3405,"Harry Potter and the Deathly Hallows, Part 2",Harry Potter and the Deathly Hallows - Part 2,PC,PS3,,EA Bright Light,2011-01-01,2011-01-01,T,T,43.0,43,4.5,5.7
0,0.969,metacritic_9290,sales_379,Madden NFL 06,Madden NFL 11,Xbox 360,Xbox 360,EA Tiburon,EA Tiburon,2005-01-01,2010-01-01,E,E,74.0,84,4.9,5.7
0,0.975,metacritic_7742,sales_4841,7th Dragon III Code: VFD,7th Dragon III Code: VFD,3DS,3DS,Sega,Sega,2016-01-01,2015-01-01,T,T,76.0,77,7.9,8.2
0,0.995,metacritic_5309,sales_2876,NBA Live 06,NBA Live 06,Xbox,Playstation Portable,EA Canada,EA Canada,2005-01-01,2005-01-01,E,E,79.0,80,6.4,7.6
0,0.997,metacritic_19413,sales_6914,Rock of the Dead,Rock of the Dead,Xbox 360,PS3,Epicenter Studios,Epicenter Studios,2010-01-01,2010-01-01,T,T,48.0,45,4.8,
0,0.998,metacritic_9444,sales_3210,Guitar Hero: Smash Hits,Guitar Hero: Smash Hits,Wii,PS3,Beenox,Beenox,2009-01-01,2009-01-01,T,T,74.0,73,7.6,7.2
0,0.999,metacritic_19168,sales_5092,Soldier of Fortune: Payback,Soldier of Fortune: Payback,Xbox 360,PS3,Cauldron Ltd.,Cauldron Ltd.,2007-01-01,2007-01-01,M,M,50.0,50,5.6,5.4
0,0.992,metacritic_9717,sales_1271,Dave Mirra Freestyle BMX,Dave Mirra Freestyle BMX,Dreamcast,Playstation,"Z-Axis, Ltd.","Z-Axis, Ltd.",2000-01-01,2000-01-01,E,E,73.0,82,7.2,8.4
0,0.986,metacritic_2981,sales_4866,F1 2011,F1 2011,PC,3DS,Codemasters,Codemasters,2011-01-01,2011-01-01,E,E,83.0,59,7.3,6.8
0,0.963,metacritic_17723,sales_1000,The LEGO Movie 2 Videogame,The LEGO Movie Videogame,PS4,Xbox 360,TT Games,TT Games,2019-01-01,2014-01-01,E10+,E10+,57.0,69,2.8,7.2
0,0.96,metacritic_9290,sales_480,Madden NFL 06,Madden NFL 12,Xbox 360,PS3,EA Tiburon,EA Tiburon,2005-01-01,2011-01-01,E,E,74.0,79,4.9,5.5
0,0.965,metacritic_6889,sales_863,NCAA Football 08,NCAA Football 2003,PS3,PS2,EA Sports,EA Sports,2007-01-01,2002-01-01,E,E,77.0,91,7.9,8.6
0,0.97,metacritic_468,sales_208,The Witcher 3: Wild Hunt - Hearts of Stone,The Witcher 3: Wild Hunt,PS4,PS4,CD Projekt Red Studio,CD Projekt Red Studio,2015-01-01,2015-01-01,M,M,90.0,92,9.0,9.2
0,0.969,metacritic_17542,sales_5526,SimAnimals,SimAnimals Africa,Wii,Wii,Electronic Arts,Electronic Arts,2009-01-01,2009-01-01,E,E,58.0,53,2.2,
0,0.962,metacritic_13841,sales_6942,World Championship Pool 2004,World Championship Pool 2004,Xbox,PS2,Blade Interactive,Blade Interactive,2003-01-01,2004-01-01,E,E,67.0,60,,6.7
0,0.959,metacritic_16166,sales_6214,The King of Fighters NeoWave,The King of Fighters 2006,Xbox,PS2,SNK Playmore,SNK Playmore,2006-01-01,2006-01-01,T,T,62.0,66,,8.6
0,0.995,metacritic_2315,sales_2583,FIFA Soccer 09,FIFA Soccer 09,Playstation Portable,DS,EA Canada,EA Canada,2008-01-01,2008-01-01,E,E,84.0,84,7.3,6.1
0,0.995,metacritic_13873,sales_4090,The Club,The Club,PC,PS3,Bizarre Creations,Bizarre Creations,2008-01-01,2008-01-01,M,M,67.0,72,5.9,6.5
0,0.997,metacritic_3431,sales_3196,Dragon's Crown,Dragon's Crown,PS3,Playstation Vita,Vanillaware,Vanillaware,2013-01-01,2013-01-01,T,T,82.0,78,8.2,8.4
0,0.916,metacritic_2795,sales_2867,Trials Rising,Trials Fusion,PC,PS4,RedLynx,RedLynx,2019-01-01,2014-01-01,T,E10+,83.0,79,5.1,7.2
0,0.914,metacritic_2714,sales_1314,Madden NFL 09,Madden NFL 07,Xbox 360,Xbox,EA Tiburon,EA Tiburon,2008-01-01,2006-01-01,E,E,83.0,83,6.8,8.7
0,0.924,metacritic_13897,sales_967,RAGE 2,Rage,PS4,PS3,"id Software,Avalanche Studios",id Software,2019-01-01,2011-01-01,M,M,67.0,81,6.1,6.2
0,0.916,metacritic_1027,sales_1947,Armored Core VI: Fires of Rubicon,Armored Core 3,PC,PS2,From Software,From Software,2023-01-01,2002-01-01,T,T,87.0,74,8.1,9.0
0,0.911,metacritic_17845,sales_1056,Guitar Hero: Van Halen,Guitar Hero: Aerosmith,Xbox 360,Xbox 360,"Neversoft Entertainment,Underground Development",Neversoft Entertainment,2009-01-01,2008-01-01,T,T,57.0,70,5.7,6.7
0,0.915,metacritic_20441,sales_35,Super Mario Odyssey,Super Mario 3D Land,Switch,3DS,Nintendo,Nintendo,2017-01-01,2011-01-01,E10+,E,97.0,90,8.9,8.4
0,0.917,metacritic_927,sales_2818,TimeSplitters 2,TimeSplitters,Xbox,PS2,Free Radical Design,Free Radical Design,2002-01-01,2000-01-01,T,T,88.0,81,7.4,8.0
0,0.91,metacritic_9523,sales_255,Resident Evil 5: Desperate Escape,Resident Evil 5,PS3,Xbox 360,Capcom,Capcom,2010-01-01,2009-01-01,M,M,73.0,83,6.7,7.5
0,0.911,metacritic_143,sales_194,Super Street Fighter IV,Street Fighter IV,PS3,PS3,Capcom,Capcom,2010-01-01,2009-01-01,T,T,92.0,94,7.8,7.3
0,0.926,metacritic_2982,sales_6136,Counter-Strike: Global Offensive,Counter-Strike: Source,PC,PC,"Valve Software,Hidden Path Entertainment",Valve Software,2012-01-01,2004-01-01,M,M,83.0,88,7.2,8.9
