label,score,id_a,id_b,name_a,name_b,industry_a,industry_b,country_a,country_b,Sales_a,revenue_b,assets_a,assets_b
1,0.95,http://www.forbes.com/companies/sino-ocean-land-holdings/,http://dbpedia.org/resource/Sino-Ocean_Land,Sino-Ocean Land Holdings,Sino-Ocean Land,Real Estate,Real estate,CHN,China,5.1,,22.8,
1,0.995,http://www.forbes.com/companies/clorox/,http://dbpedia.org/resource/Clorox,Clorox,Clorox,Household/Personal Care,,USA,United States,5.7,5.6,4.4,4300000000.0
1,1.0,http://www.forbes.com/companies/meiji-holdings/,http://dbpedia.org/resource/Meiji_Holdings,Meiji Holdings,Meiji Holdings,Food Processing,,JPN,Japan,11.6,,7.8,
1,0.936,http://www.forbes.com/companies/yuexiu-property/,http://dbpedia.org/resource/Yuexiu_Property,Yuexiu Property Co.,Yuexiu Property,Real Estate,Real estate development,HKG,China,2.3,,12.9,
1,0.97,http://www.forbes.com/companies/china-communications-construction/,http://dbpedia.org/resource/China_Communications_Construction,China Communications Construction,China Communications Construction,Construction Services,Construction,CHN,China,52.8,,85.6,
1,0.969,http://www.forbes.com/companies/nokia/,http://dbpedia.org/resource/Nokia,Nokia,Nokia,Communications Equipment,,FIN,Finland,27.5,12700000000.0,34.7,25190000000.0
1,0.981,http://www.forbes.com/companies/renesas-electronics/,http://dbpedia.org/resource/Renesas_Electronics,Renesas Electronics,Renesas Electronics,Semiconductors,Semiconductor industry,JPN,Japan,8.4,,7.6,
1,0.965,http://www.forbes.com/companies/citrix-systems/,http://dbpedia.org/resource/Citrix_Systems,Citrix Systems,Citrix Systems,Software & Programming,Software,USA,United States,2.9,2586000000.0,5.2,4796000000.0
1,0.85,http://www.forbes.com/companies/garanti-bank/,http://dbpedia.org/resource/Garanti_Bank,Garanti Bank,Garanti Bank,Regional Banks,Financial services,TUR,Turkey,9.5,,101.3,102100000000.0
1,0.98,http://www.forbes.com/companies/yum-brands/,http://dbpedia.org/resource/Yum!_Brands,Yum Brands,Yum! Brands,Restaurants,Restaurant,USA,United States,13.1,12.63,8.7,
1,0.969,http://www.forbes.com/companies/hanjin-shipping/,http://dbpedia.org/resource/Hanjin_Shipping,Hanjin Shipping,Hanjin Shipping,Other Transportation,,KOR,South Korea,9.4,,10.0,
1,0.956,http://www.forbes.com/companies/seagate-technology/,http://dbpedia.org/resource/Seagate_Technology,Seagate Technology,Seagate Technology,Computer Storage Devices,Computer data storage,IRL,United States,14.0,14930000000.0,8.9,
1,0.947,http://www.forbes.com/companies/dai-nippon-printing/,http://dbpedia.org/resource/Dai_Nippon_Printing,Dai Nippon Printing,Dai Nippon Printing,Printing & Publishing,,JPN,Japan,14.7,12.0,14.7,
1,1.0,http://www.forbes.com/companies/poly-real-estate/,http://dbpedia.org/resource/Poly_Real_Estate,Poly Real Estate,Poly Real Estate,Real Estate,Real estate,CHN,China,13.1,,51.5,
1,1.0,http://www.forbes.com/companies/sino-land/,http://dbpedia.org/resource/Sino_Land,Sino Land,Sino Land,Real Estate,Real estate,HKG,Hong Kong,0.7,,17.4,
1,0.98,http://www.forbes.com/companies/centurylink/,http://dbpedia.org/resource/CenturyLink,CenturyLink,CenturyLink,Telecommunications services,Telecommunication,USA,United States,18.1,,51.8,
1,0.996,http://www.forbes.com/companies/dollar-general/,http://dbpedia.org/resource/Dollar_General,Dollar General,Dollar General,Discount Stores,Discount store,USA,United States,17.5,,10.9,9600000000.0
1,0.854,http://www.forbes.com/companies/noble-energy/,http://dbpedia.org/resource/Noble_Energy,Noble Energy,Noble Energy,Oil & Gas Operations,Petroleum industry,USA,United States,4.8,3272000000.0,19.6,
1,0.868,http://www.forbes.com/companies/grasim-industries/,http://dbpedia.org/resource/Grasim_Industries,Grasim Industries,Grasim Industries,Construction Materials,Building material,IND,India,5.1,,7.4,
1,0.859,http://www.forbes.com/companies/bbmg/,http://dbpedia.org/resource/BBMG,BBMG,BBMG,Construction Materials,Building material,CHN,China,7.0,,16.3,
1,0.862,http://www.forbes.com/companies/pegatron/,http://dbpedia.org/resource/Pegatron,Pegatron,Pegatron,Electronics,Electronics,TWN,Taiwan,32.2,18.4,13.9,
1,1.0,http://www.forbes.com/companies/keurig-green-mountain/,http://dbpedia.org/resource/Keurig_Green_Mountain,Keurig Green Mountain,Keurig Green Mountain,,,USA,United States,4.4,4040000000.0,3.7,
1,0.995,http://www.forbes.com/companies/stmicroelectronics/,http://dbpedia.org/resource/STMicroelectronics,STMicroelectronics,STMicroelectronics,Semiconductors,Semiconductor,CHE,Switzerland,8.1,8082000000.0,9.2,
1,0.977,http://www.forbes.com/companies/grupo-bimbo/,http://dbpedia.org/resource/Grupo_Bimbo,Grupo Bimbo,Grupo Bimbo,Food Processing,Food processing,MEX,Mexico,13.8,13100000000.0,10.3,
1,0.948,http://www.forbes.com/companies/hormel-foods/,http://dbpedia.org/resource/Hormel,Hormel Foods,Hormel,Food Processing,Food processing,USA,United States,8.9,8230000000.0,5.1,
1,0.951,http://www.forbes.com/companies/community-health-sys/,http://dbpedia.org/resource/Community_Health_Systems,Community Health Sys,Community Health Systems,Healthcare Services,Health care,USA,United States,13.0,7200000000.0,17.1,
1,1.0,http://www.forbes.com/companies/xcel-energy/,http://dbpedia.org/resource/Xcel_Energy,Xcel Energy,Xcel Energy,Electric Utilities,,USA,United States,10.9,10500000000.0,33.9,25000000000.0
1,0.85,http://www.forbes.com/companies/otp-bank/,http://dbpedia.org/resource/OTP_Bank,OTP Bank,OTP Bank,Regional Banks,Financial services,HUN,Hungary,6.2,645465000000.0,48.2,10133400000000.0
1,0.974,http://www.forbes.com/companies/telefonica/,http://dbpedia.org/resource/Telef%C3%B3nica,Telefónica,Telefónica,Telecommunications services,Telecommunication,ESP,Spain,75.8,62356000000.0,163.8,129773000000.0
1,1.0,http://www.forbes.com/companies/gpt-group/,http://dbpedia.org/resource/GPT_Group,GPT Group,GPT Group,Real Estate,,AUS,Australia,0.6,,8.4,
1,1.0,http://www.forbes.com/companies/shui-on-land/,http://dbpedia.org/resource/Shui_On_Land,Shui On Land,Shui On Land,Real Estate,Real estate,CHN,China,1.7,,16.3,
1,0.977,http://www.forbes.com/companies/lg-display/,http://dbpedia.org/resource/LG_Display,LG Display,LG Display,Electronics,Electronics,KOR,South Korea,24.7,24700000000.0,20.6,
1,1.0,http://www.forbes.com/companies/edison-international/,http://dbpedia.org/resource/Edison_International,Edison International,Edison International,Electric Utilities,,USA,United States,12.6,12361000000.0,46.6,41440000000.0
1,0.964,http://www.forbes.com/companies/imperial-tobacco-group/,http://dbpedia.org/resource/Imperial_Tobacco,Imperial Tobacco Group,Imperial Tobacco,Tobacco,Tobacco,GBR,United Kingdom,22.8,28269000000.0,46.0,
1,0.957,http://www.forbes.com/companies/turkcell/,http://dbpedia.org/resource/Turkcell,Turkcell,Turkcell,Telecommunications services,Telecommunication,TUR,Turkey,6.0,9370000000.0,10.0,
1,0.967,http://www.forbes.com/companies/general-growth-properties/,http://dbpedia.org/resource/General_Growth_Properties,General Growth Properties,General Growth Properties,Real Estate,Real estate investment trust,USA,United States,2.5,3020000000.0,25.8,
1,0.831,http://www.forbes.com/companies/neste-oil/,http://dbpedia.org/resource/Neste_Oil,Neste Oil,Neste Oil,Oil & Gas Operations,Petroleum industry,FIN,Finland,23.2,17900000000.0,9.7,7385000000.0
1,0.889,http://www.forbes.com/companies/toshiba/,http://dbpedia.org/resource/Toshiba,Toshiba,Toshiba,Electronics,Conglomerate (company),JPN,Japan,65.0,,61.6,
1,0.942,http://www.forbes.com/companies/inter-rao/,http://dbpedia.org/resource/Inter_RAO,Inter Rao,Inter RAO,Electric Utilities,Electricity,RUS,Russia,20.8,18240000000.0,15.6,3854.0
1,0.977,http://www.forbes.com/companies/bharat-heavy-electricals/,http://dbpedia.org/resource/Bharat_Heavy_Electricals,Bharat Heavy Electricals,Bharat Heavy Electricals,Electrical Equipment,Electrical equipment,IND,India,8.9,,13.2,
1,0.942,http://www.forbes.com/companies/cemig/,http://dbpedia.org/resource/CEMIG,Cemig,CEMIG,Electric Utilities,Electricity,BRA,Brazil,6.8,6100000000.0,12.6,
1,0.95,http://www.forbes.com/companies/greentown-china-holdings/,http://dbpedia.org/resource/Greentown_China,Greentown China Holdings,Greentown China,Real Estate,Real estate,CHN,China,4.7,,20.2,
1,0.95,http://www.forbes.com/companies/citic-securities/,http://dbpedia.org/resource/CITIC_Securities,Citic Securities,CITIC Securities,Investment Services,Investment banking,CHN,China,2.7,,44.8,
1,0.974,http://www.forbes.com/companies/swisscom/,http://dbpedia.org/resource/Swisscom,Swisscom,Swisscom,Telecommunications services,Telecommunication,CHE,Switzerland,12.3,11384000000.0,23.0,20090000000.0
1,0.994,http://www.forbes.com/companies/monster-beverage/,http://dbpedia.org/resource/Monster_Beverage,Monster Beverage,Monster Beverage,Beverages,,USA,United States,2.2,2.25,1.4,1420000.0
1,0.945,http://www.forbes.com/companies/dongfang-electric/,http://dbpedia.org/resource/Dongfang_Electric,Dongfang Electric,Dongfang Electric,Electrical Equipment,Electricity generation,CHN,China,6.9,,12.9,
1,0.909,http://www.forbes.com/companies/united-continental-holdings/,http://dbpedia.org/resource/United_Continental_Holdings,United Continental Holdings,United Continental Holdings,Airline,Aviation,USA,United States,38.3,37152000000.0,36.8,37628000000.0
1,0.86,http://www.forbes.com/companies/b-e-aerospace/,http://dbpedia.org/resource/B/E_Aerospace,B/E Aerospace,B/E Aerospace,Aerospace & Defense,,USA,United States,3.5,2.5,5.7,3.84
1,0.869,http://www.forbes.com/companies/jiangxi-copper/,http://dbpedia.org/resource/Jiangxi_Copper,Jiangxi Copper,Jiangxi Copper,Diversified Metals & Mining,Metal,CHN,China,28.5,,14.7,
1,0.857,http://www.forbes.com/companies/assurant/,http://dbpedia.org/resource/Assurant,Assurant,Assurant,Diversified Insurance,Insurance,USA,United States,9.0,8300000000.0,30.8,27.1
1,0.908,http://www.forbes.com/companies/enbw-energie-baden/,http://dbpedia.org/resource/EnBW,EnBW-Energie Baden,EnBW,Electric Utilities,Electric utility,GER,Germany,27.3,19240000000.0,49.8,
1,0.938,http://www.forbes.com/companies/thyssenkrupp-group/,http://dbpedia.org/resource/ThyssenKrupp,ThyssenKrupp Group,ThyssenKrupp,Conglomerates,Conglomerate (company),GER,Germany,51.6,43356000000.0,48.9,43603000000.0
1,1.0,http://www.forbes.com/companies/pioneer-natural-resources/,http://dbpedia.org/resource/Pioneer_Natural_Resources,Pioneer Natural Resources,Pioneer Natural Resources,Oil & Gas Operations,,USA,United States,3.5,3230000000.0,12.3,12300000000.0
1,0.999,http://www.forbes.com/companies/sherwin-williams/,http://dbpedia.org/resource/Sherwin-Williams,Sherwin-Williams,Sherwin-Williams,Home Improvement Retail,,USA,United States,10.2,10.18,6.4,6382000000.0
1,0.965,http://www.forbes.com/companies/rushydro/,http://dbpedia.org/resource/RusHydro,RusHydro,RusHydro,Electric Utilities,Electric utility,RUS,Russia,9.8,9600000000.0,27.9,
1,0.948,http://www.forbes.com/companies/tenaga-nasional/,http://dbpedia.org/resource/Tenaga_Nasional,Tenaga Nasional,Tenaga Nasional,Electric Utilities,Electric power,MYS,Malaysia,12.0,37130000000.0,31.3,
1,0.948,http://www.forbes.com/companies/huadian-power-international/,http://dbpedia.org/resource/Huadian_Power_International,Huadian Power International,Huadian Power International,Electric Utilities,Electricity generation,CHN,China,10.8,,28.5,
1,0.948,http://www.forbes.com/companies/want-want-china/,http://dbpedia.org/resource/Want_Want_China,Want Want China,Want Want China,Food Processing,Food,CHN,China,3.8,,4.3,
1,0.995,http://www.forbes.com/companies/financial-street-holdings/,http://dbpedia.org/resource/Financial_Street_Holding,Financial Street Holdings,Financial Street Holding,Real Estate,Real estate,CHN,China,3.2,,12.6,
1,0.848,http://www.forbes.com/companies/news-corp/,http://dbpedia.org/resource/News_Corp,News Corp,News Corp,Broadcasting & Cable,Mass media,USA,United States,8.8,,16.0,
1,0.861,http://www.forbes.com/companies/reliance-industries/,http://dbpedia.org/resource/Reliance_Industries,Reliance Industries,Reliance Industries,Oil & Gas Operations,Conglomerate (company),IND,India,72.8,73100000000.0,67.2,58670000000.0
1,1.0,http://www.forbes.com/companies/best-buy/,http://dbpedia.org/resource/Best_Buy,Best Buy,Best Buy,Computer & Electronics Retail,,USA,United States,42.4,49183000000.0,14.0,16787000000.0
1,0.969,http://www.forbes.com/companies/petro-rabigh/,http://dbpedia.org/resource/Petro_Rabigh,Petro Rabigh,Petro Rabigh,Diversified Chemicals,,SAU,Saudi Arabia,13.5,,12.2,
1,0.942,http://www.forbes.com/companies/cpfl-energia/,http://dbpedia.org/resource/CPFL_Energia,CPFL Energia,CPFL Energia,Electric Utilities,Electricity,BRA,Brazil,7.2,5700000000.0,13.2,
1,1.0,http://www.forbes.com/companies/kroger/,http://dbpedia.org/resource/Kroger,Kroger,Kroger,Food Retail,Retail,USA,United States,98.5,,29.3,24652000000.0
1,1.0,http://www.forbes.com/companies/american-airlines-group/,http://dbpedia.org/resource/American_Airlines_Group,American Airlines Group,American Airlines Group,,Aviation,USA,United States,25.8,26743000000.0,26.8,14323000000.0
1,0.948,http://www.forbes.com/companies/huaneng-power-international/,http://dbpedia.org/resource/Huaneng_Power_International,Huaneng Power International,Huaneng Power International,Electric Utilities,Electricity generation,CHN,China,21.8,,43.1,
1,1.0,http://www.forbes.com/companies/qualcomm/,http://dbpedia.org/resource/Qualcomm,Qualcomm,Qualcomm,Semiconductors,,USA,United States,25.5,24900000000.0,46.3,43010000000.0
1,1.0,http://www.forbes.com/companies/china-merchants-property/,http://dbpedia.org/resource/China_Merchants_Property,China Merchants Property,China Merchants Property,Real Estate,Real estate,CHN,China,4.6,,22.1,
1,1.0,http://www.forbes.com/companies/alcatel-lucent/,http://dbpedia.org/resource/Alcatel-Lucent,Alcatel-Lucent,Alcatel-Lucent,Communications Equipment,,FRA,France,19.2,14446000000.0,30.2,24203000000.0
1,0.965,http://www.forbes.com/companies/enel/,http://dbpedia.org/resource/Enel,Enel,Enel,Electric Utilities,Electric utility,ITA,Italy,106.3,109800000000.0,226.2,169800000000.0
1,0.937,http://www.forbes.com/companies/tauron-group/,http://dbpedia.org/resource/Tauron_Group,Tauron Group,Tauron Group,Electric Utilities,Electricity generation,POL,Poland,6.1,,10.1,
1,0.965,http://www.forbes.com/companies/symantec/,http://dbpedia.org/resource/Symantec,Symantec,Symantec,Software & Programming,Software,USA,United States,6.8,6730000000.0,13.3,13020000000.0
1,0.855,http://www.forbes.com/companies/nintendo/,http://dbpedia.org/resource/Nintendo,Nintendo,Nintendo,Consumer Electronics,Video game industry,JPN,Japan,6.1,,15.1,
1,0.942,http://www.forbes.com/companies/jabil-circuit/,http://dbpedia.org/resource/Jabil_Circuit,Jabil Circuit,Jabil Circuit,Electronics,Electronics manufacturing services,USA,United States,17.5,16.5,8.1,7.0
1,0.944,http://www.forbes.com/companies/western-refining/,http://dbpedia.org/resource/Western_Refining,Western Refining,Western Refining,Oil & Gas Operations,Oil,USA,United States,10.1,10100000000.0,5.5,5520000000.0
1,1.0,http://www.forbes.com/companies/inventec/,http://dbpedia.org/resource/Inventec,Inventec,Inventec,Computer Hardware,Computer hardware,TWN,Taiwan,14.9,7200000000.0,6.9,
1,0.996,http://www.forbes.com/companies/tokyo-electron/,http://dbpedia.org/resource/Tokyo_Electron,Tokyo Electron,Tokyo Electron,Semiconductors,Semiconductor,JPN,Japan,5.4,,7.6,
1,0.959,http://www.forbes.com/companies/kubota/,http://dbpedia.org/resource/Kubota,Kubota,Kubota,Heavy Equipment,Heavy equipment,JPN,Japan,14.6,12.0,19.9,
1,0.98,http://www.forbes.com/companies/frontier-communications/,http://dbpedia.org/resource/Frontier_Communications,Frontier Communications,Frontier Communications,Telecommunications services,Telecommunication,USA,United States,4.8,5000000.0,16.6,17461.0
1,0.969,http://www.forbes.com/companies/e-mart/,http://dbpedia.org/resource/E-mart,E-mart,E-mart,Discount Stores,,KOR,South Korea,11.9,,12.4,
1,0.996,http://www.forbes.com/companies/micron-technology/,http://dbpedia.org/resource/Micron_Technology,Micron Technology,Micron Technology,Semiconductors,Semiconductor,USA,United States,11.3,9070000000.0,19.8,19118000000.0
1,0.945,http://www.forbes.com/companies/laurentian-bank/,http://dbpedia.org/resource/Laurentian_Bank_of_Canada,Laurentian Bank,Laurentian Bank of Canada,Regional Banks,,CAN,Canada,1.4,737400000.0,30.2,
1,1.0,http://www.forbes.com/companies/nextera-energy/,http://dbpedia.org/resource/NextEra_Energy,NextEra Energy,NextEra Energy,Electric Utilities,,USA,United States,14.6,14300000000.0,69.3,64400000000.0
1,0.941,http://www.forbes.com/companies/wisconsin-energy/,http://dbpedia.org/resource/Wisconsin_Energy_Corporation,Wisconsin Energy,Wisconsin Energy Corporation,Electric Utilities,,USA,United States,4.5,4430000000.0,14.8,
1,0.974,http://www.forbes.com/companies/china-mobile/,http://dbpedia.org/resource/China_Mobile,China Mobile,China Mobile,Telecommunications services,Telecommunication,HKG,China,102.5,527990000000.0,192.8,952550000000.0
1,1.0,http://www.forbes.com/companies/amphenol/,http://dbpedia.org/resource/Amphenol,Amphenol,Amphenol,Electronics,Electronics,USA,United States,4.6,,6.2,4445000000.0
1,0.982,http://www.forbes.com/companies/parker-hannifin/,http://dbpedia.org/resource/Parker_Hannifin,Parker-Hannifin,Parker Hannifin,Other Industrial Equipment,,USA,United States,13.1,13000000000.0,12.9,12540000000.0
1,0.965,http://www.forbes.com/companies/fortum/,http://dbpedia.org/resource/Fortum,Fortum,Fortum,Electric Utilities,Electric utility,FIN,Finland,8.0,6056000000.0,33.6,24420000000.0
1,0.961,http://www.forbes.com/companies/foot-locker/,http://dbpedia.org/resource/Foot_Locker,Foot Locker,Foot Locker,Apparel/Footwear Retail,,USA,United States,6.5,5.62,3.5,3050000000.0
1,1.0,http://www.forbes.com/companies/china-resources-land/,http://dbpedia.org/resource/China_Resources_Land,China Resources Land,China Resources Land,Real Estate,Real estate,HKG,China,9.3,,36.3,
1,0.819,http://www.forbes.com/companies/michelin-group/,http://dbpedia.org/resource/Michelin,Michelin Group,Michelin,Auto & Truck Parts,Automobile,FRA,France,26.9,21470000000.0,28.5,21580000000.0
1,0.986,http://www.forbes.com/companies/metro-inc/,http://dbpedia.org/resource/Metro_Inc.,Metro Inc,Metro Inc.,Food Retail,,CAN,Canada,11.1,11340000000.0,4.9,
1,0.966,http://www.forbes.com/companies/western-digital/,http://dbpedia.org/resource/Western_Digital,Western Digital,Western Digital,Computer Storage Devices,Computer data storage,USA,United States,15.3,15400000000.0,15.3,14040000000.0
1,1.0,http://www.forbes.com/companies/workday/,"http://dbpedia.org/resource/Workday,_Inc.","Workday, Inc.","Workday, Inc.",,Software,USA,United States,0.5,468900000.0,2.2,
1,0.957,http://www.forbes.com/companies/lg-uplus/,http://dbpedia.org/resource/LG_Uplus,LG Uplus,LG Uplus,Telecommunications services,Telecommunication,KOR,South Korea,10.5,7800000000000.0,11.2,
1,0.94,http://www.forbes.com/companies/peoples-united-financial/,http://dbpedia.org/resource/People's_United_Bank,People's United Financial,People's United Bank,Thrifts & Mortgage Finance,,USA,United States,1.3,,33.5,
1,0.83,http://www.forbes.com/companies/ping-an-insurance/,http://dbpedia.org/resource/Ping_An_Insurance,Ping An Insurance Group,Ping An Insurance,Diversified Insurance,Financial services,CHN,China,59.0,64.5,552.8,461100000000.0
1,0.876,http://www.forbes.com/companies/tesoro/,http://dbpedia.org/resource/Tesoro,Tesoro,Tesoro,Oil & Gas Operations,List of oil exploration and production companies,USA,United States,38.4,37600000000.0,13.4,13390000000.0
1,0.858,http://www.forbes.com/companies/tokyo-gas/,http://dbpedia.org/resource/Tokyo_Gas,Tokyo Gas,Tokyo Gas,Natural Gas Utilities,Energy,JPN,Japan,20.6,,19.6,
1,1.0,http://www.forbes.com/companies/masco/,http://dbpedia.org/resource/Masco,Masco,Masco,Construction Materials,,USA,United States,8.2,,6.9,
1,0.969,http://www.forbes.com/companies/pkn-orlen/,http://dbpedia.org/resource/PKN_Orlen,PKN Orlen,PKN Orlen,Oil & Gas Operations,,POL,Poland,36.0,83547000000.0,17.1,
1,0.959,http://www.forbes.com/companies/tokyo-electric-power/,http://dbpedia.org/resource/Tokyo_Electric_Power_Company,Tokyo Electric Power,Tokyo Electric Power Company,Electric Utilities,Electric utility,JPN,Japan,66.0,,145.6,
1,0.966,http://www.forbes.com/companies/sandisk/,http://dbpedia.org/resource/SanDisk,SanDisk,SanDisk,Computer Storage Devices,Computer data storage,USA,United States,6.2,6200000000.0,10.5,10490000000.0
1,0.93,http://www.forbes.com/companies/aspen-pharmacare-holdings/,http://dbpedia.org/resource/Aspen_Pharmacare,Aspen Pharmacare Holdings,Aspen Pharmacare,Pharmaceuticals,Pharmaceutical drug,ZAF,South Africa,2.3,12400000000.0,7.7,
1,0.963,http://www.forbes.com/companies/sime-darby/,http://dbpedia.org/resource/Sime_Darby,Sime Darby,Sime Darby,Conglomerates,Conglomerate (company),MYS,Malaysia,14.4,13900000000.0,15.2,
1,0.821,http://www.forbes.com/companies/wells-fargo/,http://dbpedia.org/resource/Wells_Fargo,Wells Fargo,Wells Fargo,Major Banks,Financial services,USA,United States,88.7,83780000000.0,1543.0,1527000000000.0
1,0.939,http://www.forbes.com/companies/teva-pharmaceutical/,http://dbpedia.org/resource/Teva_Pharmaceutical_Industries,Teva Pharmaceutical Inds,Teva Pharmaceutical Industries,Pharmaceuticals,Pharmaceutical drug,ISR,Israel,20.3,20300000000.0,47.5,
1,0.898,http://www.forbes.com/companies/quest-diagnostics/,http://dbpedia.org/resource/Quest_Diagnostics,Quest Diagnostics,Quest Diagnostics,Healthcare Services,Health care,USA,United States,7.1,10.4,8.9,
1,0.831,http://www.forbes.com/companies/petrobras/,http://dbpedia.org/resource/Petrobras,Petrobras,Petrobras,Oil & Gas Operations,Petroleum industry,BRA,Brazil,141.2,130000000000.0,319.2,
0,0.95,http://www.forbes.com/companies/fujitsu/,http://dbpedia.org/resource/Fujitsu_Ten,Fujitsu,Fujitsu Ten,Computer Hardware,,JPN,Japan,47.3,,30.5,
0,0.836,http://www.forbes.com/companies/international-paper/,http://dbpedia.org/resource/International_Filing_Company,International Paper,International Filing Company,Paper & Paper Products,,USA,United States,29.1,45.55,31.5,
0,0.858,http://www.forbes.com/companies/staples/,http://dbpedia.org/resource/Staples_Inc.,Staples,Staples Inc.,Specialty Stores,Retail,USA,United States,23.1,24380000000.0,11.2,12280000000.0
0,0.894,http://www.forbes.com/companies/american-capital-agency/,http://dbpedia.org/resource/American_Honda_Motor_Company,American Capital Agency,American Honda Motor Company,Real Estate,,USA,United States,2.0,,76.3,
0,0.866,http://www.forbes.com/companies/nasdaq-omx-group/,http://dbpedia.org/resource/NATCO_Group,NASDAQ OMX Group,NATCO Group,Investment Services,,USA,United States,3.2,,12.6,
0,0.861,http://www.forbes.com/companies/discovery-communications/,http://dbpedia.org/resource/Weitbrecht_Communications,Discovery Communications,Weitbrecht Communications,Broadcasting & Cable,,USA,United States,5.5,,15.0,
0,0.818,http://www.forbes.com/companies/nrg-energy/,http://dbpedia.org/resource/GreatPoint_Energy,NRG Energy,GreatPoint Energy,Electric Utilities,,USA,United States,11.8,,33.9,
0,0.858,http://www.forbes.com/companies/l-brands/,"http://dbpedia.org/resource/Ecologic_Brands,_Inc.",L Brands,"Ecologic Brands, Inc.",Apparel/Footwear Retail,,USA,United States,10.8,,7.2,
0,0.824,http://www.forbes.com/companies/oceaneering-international/,http://dbpedia.org/resource/Edison_International,Oceaneering International,Edison International,Oil Services & Equipment,,USA,United States,3.3,12361000000.0,3.1,41440000000.0
0,0.9,http://www.forbes.com/companies/china-resources-land/,http://dbpedia.org/resource/China_SCE_Property,China Resources Land,China SCE Property,Real Estate,Real estate,HKG,China,9.3,,36.3,
0,0.95,http://www.forbes.com/companies/first-pacific/,http://dbpedia.org/resource/First_Pacific,First Pacific,First Pacific,Investment Services,Investment management,HKG,China,6.2,,15.6,8679000000.0
0,0.948,http://www.forbes.com/companies/apple/,http://dbpedia.org/resource/Apple_Inc.,Apple,Apple Inc.,Computer Hardware,Computer hardware,USA,United States,173.8,170910000000.0,225.2,207000000000.0
0,0.966,http://www.forbes.com/companies/petrovietnam-gas/,http://dbpedia.org/resource/Petrovietnam,Petrovietnam Gas,Petrovietnam,,Petroleum industry,Vietnam,Vietnam,3.1,37000000000.0,2.4,
0,0.939,http://www.forbes.com/companies/woolworths/,http://dbpedia.org/resource/Woolworths_Limited,Woolworths,Woolworths Limited,Food Retail,Retail,AUS,Australia,58.3,59560000000.0,21.7,
0,0.894,http://www.forbes.com/companies/american-international-group/,http://dbpedia.org/resource/American_Party_of_Florida,American International Group,American Party of Florida,Diversified Insurance,,USA,United States,68.1,,540.7,
0,0.821,http://www.forbes.com/companies/chubu-electric-power/,http://dbpedia.org/resource/Tokyo_Electric_Power_Company,Chubu Electric Power,Tokyo Electric Power Company,Electric Utilities,Electric utility,JPN,Japan,28.1,,54.9,
0,0.825,http://www.forbes.com/companies/edison-international/,http://dbpedia.org/resource/Diners_Club_International,Edison International,Diners Club International,Electric Utilities,,USA,United States,12.6,,46.6,
0,0.864,http://www.forbes.com/companies/taiwan-mobile/,http://dbpedia.org/resource/China_Mobile,Taiwan Mobile,China Mobile,Telecommunications services,Telecommunication,TWN,China,3.7,527990000000.0,4.6,952550000000.0
0,0.837,http://www.forbes.com/companies/charter-communications/,http://dbpedia.org/resource/Schwartz_Communications,Charter Communications,Schwartz Communications,Broadcasting & Cable,Public relations,USA,United States,8.2,,17.3,
0,0.818,http://www.forbes.com/companies/goldman-sachs-group/,http://dbpedia.org/resource/Janus_Capital_Group,Goldman Sachs Group,Janus Capital Group,Investment Services,Investment,USA,United States,39.5,981900000.0,911.5,158200000000.0
0,0.881,http://www.forbes.com/companies/tokyo-electron/,http://dbpedia.org/resource/Tokyo_Marui,Tokyo Electron,Tokyo Marui,Semiconductors,,JPN,Japan,5.4,,7.6,
0,0.884,http://www.forbes.com/companies/national-oilwell-varco/,http://dbpedia.org/resource/National_Farmers_Organization,National Oilwell Varco,National Farmers Organization,Oil Services & Equipment,,USA,United States,22.9,,34.8,
0,0.823,http://www.forbes.com/companies/dean-foods/,http://dbpedia.org/resource/Dot_Foods,Dean Foods,Dot Foods,Food Processing,Foodservice distributor,USA,United States,9.6,3600000000.0,2.8,
0,0.94,http://www.forbes.com/companies/carrefour/,http://dbpedia.org/resource/Carrefour_Market,Carrefour,Carrefour Market,Food Retail,,FRA,France,99.4,,60.0,
0,0.954,http://www.forbes.com/companies/norfolk-southern/,http://dbpedia.org/resource/Norfolk_Southern_Railway,Norfolk Southern,Norfolk Southern Railway,Railroads,,USA,United States,11.2,,32.9,
0,0.964,http://www.forbes.com/companies/imperial-tobacco-group/,http://dbpedia.org/resource/Imperial_Tobacco,Imperial Tobacco Group,Imperial Tobacco,Tobacco,Tobacco,GBR,United Kingdom,22.8,28269000000.0,46.0,
0,0.836,http://www.forbes.com/companies/seagate-technology/,http://dbpedia.org/resource/Castle_Technology,Seagate Technology,Castle Technology,Computer Storage Devices,Computer hardware,IRL,England,14.0,,8.9,
0,0.851,http://www.forbes.com/companies/discovery-communications/,http://dbpedia.org/resource/Brocade_Communications_Systems,Discovery Communications,Brocade Communications Systems,Broadcasting & Cable,,USA,United States,5.5,2240000000.0,15.0,
0,0.837,http://www.forbes.com/companies/deutsche-post/,http://dbpedia.org/resource/Deutsche_Flugsicherung,Deutsche Post,Deutsche Flugsicherung,Air Courier,Air traffic control,GER,Germany,73.1,,48.9,
0,0.824,http://www.forbes.com/companies/cheniere-energy/,http://dbpedia.org/resource/Aventine_Renewable_Energy,Cheniere Energy,Aventine Renewable Energy,,Biofuel,USA,United States,0.3,,9.7,
0,0.902,http://www.forbes.com/companies/american-airlines-group/,http://dbpedia.org/resource/American_Machine_and_Foundry,American Airlines Group,American Machine and Foundry,,,USA,United States,25.8,,26.8,
0,0.831,http://www.forbes.com/companies/shui-on-land/,http://dbpedia.org/resource/China_Resources_Land,Shui On Land,China Resources Land,Real Estate,Real estate,CHN,China,1.7,,16.3,
0,0.91,http://www.forbes.com/companies/kirin-holdings/,http://dbpedia.org/resource/Citizen_Holdings,Kirin Holdings,Citizen Holdings,Beverages,,JPN,Japan,23.1,2720000000.0,27.6,
0,0.825,http://www.forbes.com/companies/japan-airlines/,http://dbpedia.org/resource/Japan_Post_Insurance,Japan Airlines,Japan Post Insurance,Airline,Insurance,JPN,Japan,13.2,,12.4,
0,0.883,http://www.forbes.com/companies/ingram-micro/,http://dbpedia.org/resource/Ingram_Entertainment_Holdings_Inc.,Ingram Micro,Ingram Entertainment Holdings Inc.,Electronics,,USA,United States,42.6,,11.8,
0,0.871,http://www.forbes.com/companies/enel/,http://dbpedia.org/resource/Enel_OGK-5,Enel,Enel OGK-5,Electric Utilities,Electricity generation,ITA,Russia,106.3,1000000000.0,226.2,
0,0.932,http://www.forbes.com/companies/juniper-networks/,http://dbpedia.org/resource/Unisphere_Networks,Juniper Networks,Unisphere Networks,Communications Equipment,,USA,United States,4.7,,10.3,
0,0.944,http://www.forbes.com/companies/edison-international/,http://dbpedia.org/resource/Jamison_International,Edison International,Jamison International,Electric Utilities,,USA,United States,12.6,,46.6,
0,0.832,http://www.forbes.com/companies/regeneron-pharmaceuticals/,http://dbpedia.org/resource/Intercept_Pharmaceuticals,Regeneron Pharmaceuticals,Intercept Pharmaceuticals,Biotechs,Biotechnology,USA,United States,2.1,,3.0,
0,0.822,http://www.forbes.com/companies/polaris-industries/,http://dbpedia.org/resource/World_Industries,Polaris Industries,World Industries,Recreational Products,,USA,United States,3.8,,1.7,
0,0.855,http://www.forbes.com/companies/indian-bank/,http://dbpedia.org/resource/Indian_Rare_Earths,Indian Bank,Indian Rare Earths,Regional Banks,,IND,India,2.8,,30.0,
0,0.863,http://www.forbes.com/companies/bae-systems/,"http://dbpedia.org/resource/BAE_Systems_Electronics,_Intelligence_&_Support",BAE Systems,"BAE Systems Electronics, Intelligence & Support",Aerospace & Defense,Aerospace,GBR,United States,26.4,4600000000.0,33.0,
0,0.901,http://www.forbes.com/companies/canadian-national-railway/,http://dbpedia.org/resource/Canadian_Council_on_Africa,Canadian National Railway,Canadian Council on Africa,Railroads,,CAN,Canada,10.3,,28.7,
0,0.841,http://www.forbes.com/companies/cablevision/,http://dbpedia.org/resource/Crosley_Broadcasting_Corporation,Cablevision Systems Corporation,Crosley Broadcasting Corporation,Broadcasting & Cable,,USA,United States,6.2,,6.9,
0,0.84,http://www.forbes.com/companies/nishi-nippon-city-bank/,http://dbpedia.org/resource/Nippon_TV,Nishi-Nippon City Bank,Nippon TV,Regional Banks,,JPN,Japan,1.8,,77.3,
0,0.885,http://www.forbes.com/companies/sino-land/,http://dbpedia.org/resource/Raimon_Land,Sino Land,Raimon Land,Real Estate,Real estate,HKG,Thailand,0.7,,17.4,
0,0.938,http://www.forbes.com/companies/wells-fargo/,http://dbpedia.org/resource/Wells_Fargo_Advisors,Wells Fargo,Wells Fargo Advisors,Major Banks,,USA,United States,88.7,,1543.0,1170000000000.0
0,0.832,http://www.forbes.com/companies/news-corp/,http://dbpedia.org/resource/GTSI_Corp.,News Corp,GTSI Corp.,Broadcasting & Cable,,USA,United States,8.8,,16.0,
0,0.864,http://www.forbes.com/companies/oge-energy/,http://dbpedia.org/resource/DONG_Energy,OGE Energy,DONG Energy,Electric Utilities,Electricity generation,USA,Denmark,2.9,54598000000.0,9.5,
0,0.826,http://www.forbes.com/companies/france-telecom/,http://dbpedia.org/resource/Pacific_Telecom,France Telecom,Pacific Telecom,Telecommunications services,Telecommunication,FRA,United States,54.4,,118.3,
0,0.835,http://www.forbes.com/companies/resona-holdings/,http://dbpedia.org/resource/Meiji_Holdings,Resona Holdings,Meiji Holdings,Regional Banks,,JPN,Japan,7.9,,420.3,
0,0.838,http://www.forbes.com/companies/cablevision/,http://dbpedia.org/resource/Meritage_Homes_Corporation,Cablevision Systems Corporation,Meritage Homes Corporation,Broadcasting & Cable,,USA,United States,6.2,2000000.0,6.9,
0,0.822,http://www.forbes.com/companies/delek-group/,http://dbpedia.org/resource/Dubai_Group,Delek Group,Dubai Group,Investment Services,Investment,ISR,Hong Kong,10.7,,35.6,
0,0.891,http://www.forbes.com/companies/american-international-group/,http://dbpedia.org/resource/American_States_Water,American International Group,American States Water,Diversified Insurance,,USA,United States,68.1,473700000.0,540.7,
0,0.832,http://www.forbes.com/companies/hyundai-mobis/,http://dbpedia.org/resource/Hyundai_Glovis,Hyundai Mobis,Hyundai Glovis,Auto & Truck Parts,Automotive industry,KOR,South Korea,31.2,,32.6,
0,0.839,http://www.forbes.com/companies/spectra-energy/,http://dbpedia.org/resource/NextEra_Energy,Spectra Energy,NextEra Energy,Oil Services & Equipment,,USA,United States,5.5,14300000000.0,33.5,64400000000.0
0,0.94,http://www.forbes.com/companies/peoples-united-financial/,http://dbpedia.org/resource/People's_United_Bank,People's United Financial,People's United Bank,Thrifts & Mortgage Finance,,USA,United States,1.3,,33.5,
0,0.951,http://www.forbes.com/companies/carrefour/,http://dbpedia.org/resource/Carrefour_City,Carrefour,Carrefour City,Food Retail,,FRA,France,99.4,,60.0,
0,0.945,http://www.forbes.com/companies/western-union/,http://dbpedia.org/resource/Western_Auto,Western Union,Western Auto,Business & Personal Services,,USA,United States,5.5,,10.2,
0,0.847,http://www.forbes.com/companies/cic-group/,http://dbpedia.org/resource/NRJ_Group,CIC Group,NRJ Group,Major Banks,,FRA,France,9.7,343600000.0,321.0,
0,0.904,http://www.forbes.com/companies/edison-international/,http://dbpedia.org/resource/Lennox_International,Edison International,Lennox International,Electric Utilities,,USA,United States,12.6,,46.6,
0,0.837,http://www.forbes.com/companies/aldar-properties/,http://dbpedia.org/resource/Senate_Properties,Aldar Properties,Senate Properties,Real Estate,Real estate,ARE,Finland,1.5,677000000.0,11.9,
0,0.9,http://www.forbes.com/companies/kansai-electric-power/,http://dbpedia.org/resource/Kansai_Telecasting_Corporation,Kansai Electric Power,Kansai Telecasting Corporation,Electric Utilities,,JPN,Japan,32.5,,72.0,
0,0.819,http://www.forbes.com/companies/emaar-properties/,http://dbpedia.org/resource/Wilmorite_Properties,Emaar Properties,Wilmorite Properties,Real Estate,Real estate,ARE,United States,2.9,,17.7,
0,0.821,http://www.forbes.com/companies/hokkoku-bank/,http://dbpedia.org/resource/Hokkaido_Bank,Hokkoku Bank,Hokkaido Bank,Regional Banks,Financial services,JPN,Japan,0.6,,32.8,33800000000000.0
0,0.862,http://www.forbes.com/companies/turk-telekom/,http://dbpedia.org/resource/T-Hrvatski_Telekom,Turk Telekom,T-Hrvatski Telekom,Telecommunications services,Telecommunication,TUR,Croatia,6.9,,8.5,
0,0.839,http://www.forbes.com/companies/cimarex-energy/,http://dbpedia.org/resource/NextEra_Energy,Cimarex Energy,NextEra Energy,Oil & Gas Operations,,USA,United States,2.0,14300000000.0,7.3,64400000000.0
0,0.94,http://www.forbes.com/companies/carrefour/,http://dbpedia.org/resource/Carrefour_Planet,Carrefour,Carrefour Planet,Food Retail,,FRA,France,99.4,,60.0,
0,0.935,http://www.forbes.com/companies/united-rentals/,http://dbpedia.org/resource/United_Van_Lines,United Rentals,United Van Lines,Rental & Leasing,,USA,United States,5.0,,11.2,
0,0.939,http://www.forbes.com/companies/air-canada/,http://dbpedia.org/resource/Pixar_Canada,Air Canada,Pixar Canada,Airline,,CAN,Canada,12.0,,8.9,
0,0.835,http://www.forbes.com/companies/wabco-holdings/,http://dbpedia.org/resource/HMS_Holdings,WABCO Holdings,HMS Holdings,Auto & Truck Parts,,USA,United States,2.7,503.27,2.4,
0,0.832,http://www.forbes.com/companies/duke-energy/,http://dbpedia.org/resource/GenOn_Energy,Duke Energy,GenOn Energy,Electric Utilities,,USA,United States,24.6,,114.8,
0,0.832,http://www.forbes.com/companies/bank-of-nagoya/,http://dbpedia.org/resource/Bank_of_Yokohama,Bank of Nagoya,Bank of Yokohama,Regional Banks,Financial services,JPN,Japan,0.6,,32.1,
0,0.88,http://www.forbes.com/companies/unum-group/,http://dbpedia.org/resource/NCO_Group,Unum Group,NCO Group,Life & Health Insurance,,USA,United States,10.4,,60.7,
0,0.919,http://www.forbes.com/companies/tokyo-gas/,http://dbpedia.org/resource/Tokyo_Marui,Tokyo Gas,Tokyo Marui,Natural Gas Utilities,,JPN,Japan,20.6,,19.6,
0,0.821,http://www.forbes.com/companies/packaging-corp-amer/,http://dbpedia.org/resource/NEC_Corporation_of_America,Packaging Corp of America,NEC Corporation of America,,Information technology,USA,United States,3.7,,5.2,
0,0.826,http://www.forbes.com/companies/resona-holdings/,http://dbpedia.org/resource/Citizen_Holdings,Resona Holdings,Citizen Holdings,Regional Banks,,JPN,Japan,7.9,2720000000.0,420.3,
0,0.837,http://www.forbes.com/companies/gamestop/,http://dbpedia.org/resource/GTSI_Corp.,GameStop Corp.,GTSI Corp.,Computer & Electronics Retail,,USA,United States,9.0,,4.1,
0,0.849,http://www.forbes.com/companies/china-merchants-securities/,http://dbpedia.org/resource/China_Resources_Shenzhen_International_Trust,China Merchants Securities,China Resources Shenzhen International Trust,Investment Services,Investment company,CHN,China,1.4,,13.7,
0,0.939,http://www.forbes.com/companies/crown-holdings/,http://dbpedia.org/resource/Crown_Media_Holdings,Crown Holdings,Crown Media Holdings,Containers & Packaging,,USA,United States,8.7,279600000.0,8.0,698000000.0
0,0.95,http://www.forbes.com/companies/microchip-technology/,http://dbpedia.org/resource/Micron_Technology,Microchip Technology,Micron Technology,Semiconductors,Semiconductor,USA,United States,1.9,9070000000.0,4.0,19118000000.0
0,0.947,http://www.forbes.com/companies/dish-network/,http://dbpedia.org/resource/DFH_Network,DISH Network,DFH Network,Broadcasting & Cable,,USA,United States,13.9,,20.4,
0,0.946,http://www.forbes.com/companies/bank-of-montreal/,http://dbpedia.org/resource/Bank_of_Hamilton,Bank of Montreal,Bank of Hamilton,Major Banks,,CAN,Canada,20.1,,531.6,
0,0.867,http://www.forbes.com/companies/cbre-group/,http://dbpedia.org/resource/Azrieli_Group,CBRE Group,Azrieli Group,Real Estate,Real estate,USA,Israel,7.2,2400000000.0,7.0,
0,0.866,http://www.forbes.com/companies/emirates-integrated-telecom/,http://dbpedia.org/resource/Emirates_Telecommunications_Corporation,Emirates Integrated Telecom,Emirates Telecommunications Corporation,Telecommunications services,Telecommunication,ARE,United Arab Emirates,2.9,32900000000.0,4.4,42600000000.0
0,0.875,http://www.forbes.com/companies/bangkok-bank/,http://dbpedia.org/resource/Bangkok_Insurance,Bangkok Bank,Bangkok Insurance,Regional Banks,,THA,Thailand,4.6,,79.0,
0,0.855,http://www.forbes.com/companies/noble-energy/,http://dbpedia.org/resource/GenOn_Energy,Noble Energy,GenOn Energy,Oil & Gas Operations,,USA,United States,4.8,,19.6,
0,0.836,http://www.forbes.com/companies/chesapeake-energy/,http://dbpedia.org/resource/Champion_Energy,Chesapeake Energy,Champion Energy,Oil & Gas Operations,,USA,United States,17.8,,41.8,
0,0.838,http://www.forbes.com/companies/range-resources/,http://dbpedia.org/resource/REX_American_Resources,Range Resources,REX American Resources,Oil & Gas Operations,,USA,United States,1.7,695690000.0,7.3,
0,0.826,http://www.forbes.com/companies/wisconsin-energy/,http://dbpedia.org/resource/Champion_Energy,Wisconsin Energy,Champion Energy,Electric Utilities,,USA,United States,4.5,,14.8,
0,0.82,http://www.forbes.com/companies/alliant-energy/,http://dbpedia.org/resource/Great_Plains_Energy,Alliant Energy,Great Plains Energy,Electric Utilities,,USA,United States,3.3,2.68,11.1,
0,0.948,http://www.forbes.com/companies/dollar-tree/,http://dbpedia.org/resource/Dollar_General,Dollar Tree,Dollar General,Discount Stores,Discount store,USA,United States,7.8,,2.8,9600000000.0
0,0.931,http://www.forbes.com/companies/bouygues/,http://dbpedia.org/resource/Bouygues_Telecom,Bouygues,Bouygues Telecom,Construction Services,,FRA,France,44.3,5636000000.0,47.3,
0,0.827,http://www.forbes.com/companies/omnicom-group/,http://dbpedia.org/resource/Simmons_Media_Group,Omnicom Group,Simmons Media Group,Advertising,,USA,United States,14.6,,22.1,
0,0.818,http://www.forbes.com/companies/dte-energy/,http://dbpedia.org/resource/GreatPoint_Energy,DTE Energy,GreatPoint Energy,Electric Utilities,,USA,United States,9.6,,25.9,
0,0.836,http://www.forbes.com/companies/hokkaido-electric-power/,http://dbpedia.org/resource/Korea_Electric_Power_Corporation,Hokkaido Electric Power,Korea Electric Power Corporation,Electric Utilities,Electric utility,JPN,South Korea,6.2,45030000000.0,16.8,133170000000.0
0,0.838,http://www.forbes.com/companies/ppg-industries/,http://dbpedia.org/resource/World_Industries,PPG Industries,World Industries,Diversified Chemicals,,USA,United States,15.1,,15.9,
0,0.841,http://www.forbes.com/companies/west-japan-railway/,http://dbpedia.org/resource/%C5%8Cigawa_Railway,West Japan Railway,Ōigawa Railway,Railroads,,JPN,Japan,13.5,,24.8,
0,0.825,http://www.forbes.com/companies/boston-properties/,http://dbpedia.org/resource/Wilmorite_Properties,Boston Properties,Wilmorite Properties,Real Estate,Real estate,USA,United States,2.1,,20.2,
0,0.836,http://www.forbes.com/companies/marriott-international/,http://dbpedia.org/resource/Jamison_International,Marriott International,Jamison International,Hotels & Motels,,USA,United States,12.8,,6.8,
0,0.824,http://www.forbes.com/companies/baxter-international/,http://dbpedia.org/resource/Edison_International,Baxter International,Edison International,Medical Equipment & Supplies,,USA,United States,15.3,12361000000.0,25.9,41440000000.0
0,0.893,http://www.forbes.com/companies/american-tower/,http://dbpedia.org/resource/American_Bureau_of_Shipping,American Tower,American Bureau of Shipping,Real Estate,,USA,United States,3.4,,20.3,
0,0.818,http://www.forbes.com/companies/dte-energy/,http://dbpedia.org/resource/Touchstone_Energy,DTE Energy,Touchstone Energy,Electric Utilities,,USA,United States,9.6,,25.9,
0,0.822,http://www.forbes.com/companies/edison-international/,http://dbpedia.org/resource/Viacom_International,Edison International,Viacom International,Electric Utilities,,USA,United States,12.6,,46.6,
0,0.838,http://www.forbes.com/companies/american-airlines-group/,http://dbpedia.org/resource/Maverick_Entertainment_Group,American Airlines Group,Maverick Entertainment Group,,Outline of entertainment,USA,United States,25.8,,26.8,
0,0.819,http://www.forbes.com/companies/oge-energy/,http://dbpedia.org/resource/Champion_Energy,OGE Energy,Champion Energy,Electric Utilities,,USA,United States,2.9,,9.5,
0,0.842,http://www.forbes.com/companies/jacobs-engineering/,http://dbpedia.org/resource/Lossa_Engineering,Jacobs Engineering,Lossa Engineering,Construction Services,Custom motorcycle,USA,United States,12.1,,8.4,
0,0.933,http://www.forbes.com/companies/southern-co/,http://dbpedia.org/resource/Southern_Tide,Southern Co,Southern Tide,Electric Utilities,,USA,United States,17.1,,64.5,
0,0.958,http://www.forbes.com/companies/linear-technology/,http://dbpedia.org/resource/Alien_Technology,Linear Technology,Alien Technology,Semiconductors,,USA,United States,1.3,,2.3,
0,0.857,http://www.forbes.com/companies/american-airlines-group/,http://dbpedia.org/resource/Meridian_Capital_Group,American Airlines Group,Meridian Capital Group,,Mortgage broker,USA,United States,25.8,,26.8,
0,0.842,http://www.forbes.com/companies/china-merchants-property/,http://dbpedia.org/resource/China_Coast,China Merchants Property,China Coast,Real Estate,Restaurant,CHN,United States,4.6,,22.1,
0,0.91,http://www.forbes.com/companies/ppg-industries/,http://dbpedia.org/resource/Gemmy_Industries,PPG Industries,Gemmy Industries,Diversified Chemicals,,USA,United States,15.1,,15.9,
0,0.89,http://www.forbes.com/companies/canadian-tire/,http://dbpedia.org/resource/Canadian_Bioinformatics_Workshops,Canadian Tire,Canadian Bioinformatics Workshops,Specialty Stores,,CAN,Canada,11.4,,12.8,
0,0.919,http://www.forbes.com/companies/mohawk-industries/,http://dbpedia.org/resource/Numark_Industries,Mohawk Industries,Numark Industries,Furniture & Fixtures,,USA,United States,7.3,,8.5,
0,0.821,http://www.forbes.com/companies/eog-resources/,http://dbpedia.org/resource/Newpark_Resources,EOG Resources,Newpark Resources,Oil & Gas Operations,,USA,United States,14.5,1120000000.0,30.6,
0,0.858,http://www.forbes.com/companies/ppg-industries/,http://dbpedia.org/resource/NACCO_Industries,PPG Industries,NACCO Industries,Diversified Chemicals,,USA,United States,15.1,3300000000.0,15.9,1800000000.0
0,0.838,http://www.forbes.com/companies/abbott-laboratories/,http://dbpedia.org/resource/Abbott_family,Abbott Laboratories,Abbott family,Pharmaceuticals,Cosmetics,USA,United States,21.8,,43.0,
0,0.938,http://www.forbes.com/companies/petrovietnam-gas/,http://dbpedia.org/resource/PetroVietnam_Insurance,Petrovietnam Gas,PetroVietnam Insurance,,Insurance,Vietnam,Vietnam,3.1,5500.0,2.4,
0,0.959,http://www.forbes.com/companies/wabco-holdings/,"http://dbpedia.org/resource/WABCO_Holdings,_Inc.",WABCO Holdings,"WABCO Holdings, Inc.",Auto & Truck Parts,,USA,United States,2.7,2170000000.0,2.4,
0,0.942,http://www.forbes.com/companies/national-bank-of-canada/,http://dbpedia.org/resource/Laurentian_Bank_of_Canada,National Bank of Canada,Laurentian Bank of Canada,Major Banks,,CAN,Canada,7.0,737400000.0,175.2,
0,0.835,http://www.forbes.com/companies/suzuki-motor/,http://dbpedia.org/resource/Mabuchi_Motor,Suzuki Motor,Mabuchi Motor,Auto & Truck Manufacturers,,JPN,Japan,29.0,92602000000.0,26.4,18869100000018.3
0,0.851,http://www.forbes.com/companies/baxter-international/,http://dbpedia.org/resource/Lennox_International,Baxter International,Lennox International,Medical Equipment & Supplies,,USA,United States,15.3,,25.9,
0,0.821,http://www.forbes.com/companies/frontier-communications/,http://dbpedia.org/resource/Weitbrecht_Communications,Frontier Communications,Weitbrecht Communications,Telecommunications services,,USA,United States,4.8,,16.6,
0,0.851,http://www.forbes.com/companies/gea-group/,http://dbpedia.org/resource/Essar_Group,GEA Group,Essar Group,Conglomerates,Conglomerate (company),GER,India,5.7,39000000000.0,8.9,
0,0.836,http://www.forbes.com/companies/france-telecom/,http://dbpedia.org/resource/Tunisie_Telecom,France Telecom,Tunisie Telecom,Telecommunications services,Telecommunication,FRA,Tunisia,54.4,,118.3,
0,0.821,http://www.forbes.com/companies/bt-group/,http://dbpedia.org/resource/Lebara_Group,BT Group,Lebara Group,Telecommunications services,Telecommunication,GBR,United Kingdom,28.6,565000000.0,39.9,
0,0.879,http://www.forbes.com/companies/american-international-group/,http://dbpedia.org/resource/American_Locomotive_Company,American International Group,American Locomotive Company,Diversified Insurance,,USA,United States,68.1,,540.7,
0,0.909,http://www.forbes.com/companies/international-paper/,http://dbpedia.org/resource/International_Armoring_Corporation,International Paper,International Armoring Corporation,Paper & Paper Products,,USA,United States,29.1,,31.5,
0,0.828,http://www.forbes.com/companies/cez-group/,http://dbpedia.org/resource/V&S_Group,CEZ Group,V&S Group,Electric Utilities,,CZE,Sweden,11.1,10.3,32.3,
0,0.832,http://www.forbes.com/companies/xcel-energy/,http://dbpedia.org/resource/GenOn_Energy,Xcel Energy,GenOn Energy,Electric Utilities,,USA,United States,10.9,,33.9,
0,0.956,http://www.forbes.com/companies/seagate-technology/,http://dbpedia.org/resource/Seagate_Technology,Seagate Technology,Seagate Technology,Computer Storage Devices,Computer data storage,IRL,United States,14.0,14930000000.0,8.9,
0,0.935,http://www.forbes.com/companies/carrefour/,http://dbpedia.org/resource/Carrefour_Express,Carrefour,Carrefour Express,Food Retail,,FRA,France,99.4,,60.0,
0,0.932,http://www.forbes.com/companies/american-airlines-group/,http://dbpedia.org/resource/American_Signature,American Airlines Group,American Signature,,Retail,USA,United States,25.8,,26.8,
0,0.972,http://www.forbes.com/companies/evergrande-real-estate/,http://dbpedia.org/resource/Evergrande_Real_Estate_Group,Evergrande Real Estate,Evergrande Real Estate Group,Real Estate,Real estate,CHN,China,11.4,,44.7,
0,0.945,http://www.forbes.com/companies/laurentian-bank/,http://dbpedia.org/resource/Laurentian_Bank_of_Canada,Laurentian Bank,Laurentian Bank of Canada,Regional Banks,,CAN,Canada,1.4,737400000.0,30.2,
0,0.859,http://www.forbes.com/companies/fmc-technologies/,http://dbpedia.org/resource/DayStar_Technologies,FMC Technologies,DayStar Technologies,Oil Services & Equipment,,USA,United States,7.1,1000000.0,6.6,
0,0.85,http://www.forbes.com/companies/crown-castle-international/,http://dbpedia.org/resource/Crown_International,Crown Castle International,Crown International,Telecommunications services,Audio electronics,USA,United States,3.0,,20.6,
0,0.86,http://www.forbes.com/companies/agile-property-holdings/,http://dbpedia.org/resource/Glorious_Property_Holdings,Agile Property Holdings,Glorious Property Holdings,Real Estate,Real estate,HKG,China,5.4,,16.7,
0,0.824,http://www.forbes.com/companies/sigma-aldrich/,http://dbpedia.org/resource/Sigma_Alimentos,Sigma-Aldrich,Sigma Alimentos,Specialized Chemicals,,USA,Mexico,2.7,2.2,3.8,
0,0.888,http://www.forbes.com/companies/hyundai-motor/,http://dbpedia.org/resource/Hyundai_EP,Hyundai Motor,Hyundai EP,Auto & Truck Manufacturers,,KOR,South Korea,79.8,,126.4,
0,0.838,http://www.forbes.com/companies/westfield-group/,http://dbpedia.org/resource/Sunland_Group,Westfield Group,Sunland Group,Real Estate,,AUS,Australia,2.3,,31.2,
0,0.852,http://www.forbes.com/companies/china-railway-construction/,http://dbpedia.org/resource/China_Communications_Construction,China Railway Construction,China Communications Construction,Construction Services,Construction,CHN,China,89.9,,87.5,
0,0.926,http://www.forbes.com/companies/alexion-pharmaceuticals/,http://dbpedia.org/resource/Vital_Pharmaceuticals,Alexion Pharmaceuticals,Vital Pharmaceuticals,Biotechs,,USA,United States,1.5,,3.3,
0,0.898,http://www.forbes.com/companies/cit-group/,http://dbpedia.org/resource/NCO_Group,CIT Group,NCO Group,Consumer Financial Services,,USA,United States,3.5,,47.1,
0,0.888,http://www.forbes.com/companies/american-electric/,http://dbpedia.org/resource/American_Pop_Corn_Company,American Electric,American Pop Corn Company,Electric Utilities,,USA,United States,15.3,,56.4,
0,0.841,http://www.forbes.com/companies/united-technologies/,http://dbpedia.org/resource/Partsearch_Technologies,United Technologies,Partsearch Technologies,Conglomerates,,USA,United States,62.7,,90.6,
0,0.845,http://www.forbes.com/companies/marriott-international/,http://dbpedia.org/resource/Altegrity_Risk_International,Marriott International,Altegrity Risk International,Hotels & Motels,,USA,United States,12.8,,6.8,
0,0.862,http://www.forbes.com/companies/emerson-electric/,http://dbpedia.org/resource/El_Paso_Electric,Emerson Electric,El Paso Electric,Electrical Equipment,Electric utility,USA,United States,24.7,873460000.0,24.1,
0,0.822,http://www.forbes.com/companies/cameron-international/,http://dbpedia.org/resource/Silicon_Graphics_International,Cameron International,Silicon Graphics International,Oil Services & Equipment,,USA,United States,9.8,,14.2,
0,0.892,http://www.forbes.com/companies/oge-energy/,http://dbpedia.org/resource/Xcel_Energy,OGE Energy,Xcel Energy,Electric Utilities,,USA,United States,2.9,10500000000.0,9.5,25000000000.0
0,0.83,http://www.forbes.com/companies/american-express/,http://dbpedia.org/resource/Lake_Express,American Express,Lake Express,Consumer Financial Services,,USA,United States,34.9,,155.9,
0,0.88,http://www.forbes.com/companies/american-international-group/,http://dbpedia.org/resource/American_Association_of_Individual_Investors,American International Group,American Association of Individual Investors,Diversified Insurance,,USA,United States,68.1,,540.7,
0,0.846,http://www.forbes.com/companies/mondelez-international/,http://dbpedia.org/resource/Edison_International,Mondelēz International,Edison International,Food Processing,,USA,United States,35.3,12361000000.0,72.6,41440000000.0
0,0.841,http://www.forbes.com/companies/cheniere-energy/,http://dbpedia.org/resource/Xcel_Energy,Cheniere Energy,Xcel Energy,,,USA,United States,0.3,10500000000.0,9.7,25000000000.0
0,0.822,http://www.forbes.com/companies/cst-brands/,http://dbpedia.org/resource/CR_Brands,CST Brands,CR Brands,Specialty Stores,Final good,USA,United States,12.8,,2.3,
0,0.821,http://www.forbes.com/companies/american-electric/,http://dbpedia.org/resource/Nashville_Electric_Service,American Electric,Nashville Electric Service,Electric Utilities,Electric utility,USA,United States,15.3,,56.4,1159689000.0
0,0.881,http://www.forbes.com/companies/capital-one-financial/,http://dbpedia.org/resource/Capital_Newspapers,Capital One Financial,Capital Newspapers,Consumer Financial Services,,USA,United States,24.2,121500000.0,298.5,
0,0.825,http://www.forbes.com/companies/fmc-technologies/,http://dbpedia.org/resource/Tavant_Technologies,FMC Technologies,Tavant Technologies,Oil Services & Equipment,IT service management,USA,United States,7.1,,6.6,
0,0.852,http://www.forbes.com/companies/sabanci-holding/,http://dbpedia.org/resource/Ciner_Holding,Sabanci Holding,Ciner Holding,Conglomerates,,TUR,Turkey,13.0,,96.1,
0,0.834,http://www.forbes.com/companies/tokyo-electric-power/,http://dbpedia.org/resource/Okinawa_Electric_Power_Company,Tokyo Electric Power,Okinawa Electric Power Company,Electric Utilities,,JPN,Japan,66.0,162000000.0,145.6,365299.0
0,0.872,http://www.forbes.com/companies/bajaj-auto/,http://dbpedia.org/resource/Bajaj_Hindusthan,Bajaj Auto,Bajaj Hindusthan,Recreational Products,,IND,India,3.6,,2.4,
0,0.861,http://www.forbes.com/companies/juniper-networks/,http://dbpedia.org/resource/Redline_Networks,Juniper Networks,Redline Networks,Communications Equipment,,USA,United States,4.7,,10.3,
0,0.827,http://www.forbes.com/companies/northern-trust/,http://dbpedia.org/resource/Northern_Christian_Radio,Northern Trust,Northern Christian Radio,Regional Banks,Radio broadcasting,USA,United States,4.0,,102.9,
0,0.842,http://www.forbes.com/companies/valero-energy/,http://dbpedia.org/resource/GreatPoint_Energy,Valero Energy,GreatPoint Energy,Oil & Gas Operations,,USA,United States,138.1,,47.3,
0,0.821,http://www.forbes.com/companies/hyundai-mobis/,http://dbpedia.org/resource/Hyundai_IHL,Hyundai Mobis,Hyundai IHL,Auto & Truck Parts,Automotive industry,KOR,South Korea,31.2,,32.6,
0,0.882,http://www.forbes.com/companies/national-australia-bank/,http://dbpedia.org/resource/National_Academies_Forum,National Australia Bank,National Academies Forum,Major Banks,,AUS,Australia,36.9,,755.9,
0,0.828,http://www.forbes.com/companies/france-telecom/,http://dbpedia.org/resource/Telef%C3%B3nica_Telecom,France Telecom,Telefónica Telecom,Telecommunications services,Telecommunication,FRA,Colombia,54.4,,118.3,
0,0.834,http://www.forbes.com/companies/stockland-australia/,http://dbpedia.org/resource/Snack_Brands_Australia,Stockland Australia,Snack Brands Australia,Real Estate,Food,AUS,Australia,1.8,,13.1,
0,0.843,http://www.forbes.com/companies/old-republic-international/,http://dbpedia.org/resource/Edison_International,Old Republic International,Edison International,Property & Casualty Insurance,,USA,United States,5.4,12361000000.0,16.5,41440000000.0
0,0.867,http://www.forbes.com/companies/citic-securities/,http://dbpedia.org/resource/Citi_orient_securities,Citic Securities,Citi orient securities,Investment Services,Investment banking,CHN,China,2.7,,44.8,
0,0.884,http://www.forbes.com/companies/consol-energy/,http://dbpedia.org/resource/Champion_Energy,CONSOL Energy,Champion Energy,Diversified Metals & Mining,,USA,United States,4.4,,11.4,
0,0.842,http://www.forbes.com/companies/gilead-sciences/,http://dbpedia.org/resource/CK_Life_Sciences,Gilead Sciences,CK Life Sciences,Biotechs,Biotechnology,USA,China,11.2,,22.5,
0,0.887,http://www.forbes.com/companies/reliance-industries/,http://dbpedia.org/resource/Reliance_MediaWorks,Reliance Industries,Reliance MediaWorks,Oil & Gas Operations,,IND,India,72.8,,67.2,
0,0.883,http://www.forbes.com/companies/boston-properties/,http://dbpedia.org/resource/Boston_Basketball_Partners,Boston Properties,Boston Basketball Partners,Real Estate,,USA,United States,2.1,,20.2,
0,0.893,http://www.forbes.com/companies/american-tower/,http://dbpedia.org/resource/American_Locomotive_Company,American Tower,American Locomotive Company,Real Estate,,USA,United States,3.4,,20.3,
0,0.834,http://www.forbes.com/companies/gea-group/,http://dbpedia.org/resource/Yatai_Group,GEA Group,Yatai Group,Conglomerates,Conglomerate (company),GER,China,5.7,,8.9,
0,0.883,http://www.forbes.com/companies/hyundai-engineering/,http://dbpedia.org/resource/Hyundai_EP,Hyundai Engineering,Hyundai EP,Construction Services,,KOR,South Korea,12.7,,14.0,
0,0.833,http://www.forbes.com/companies/maxim-integrated-products/,http://dbpedia.org/resource/Monadnock_Lifetime_Products,Maxim Integrated Products,Monadnock Lifetime Products,Semiconductors,,USA,United States,2.4,,4.3,
0,0.883,http://www.forbes.com/companies/shanghai-construction/,http://dbpedia.org/resource/Hip_Hing_Construction,Shanghai Construction,Hip Hing Construction,Construction Services,Construction,CHN,China,16.2,,15.8,
0,0.905,http://www.forbes.com/companies/american-financial-group/,http://dbpedia.org/resource/American_Council_on_Exercise,American Financial Group,American Council on Exercise,Diversified Insurance,,USA,United States,5.0,,40.9,
0,0.842,http://www.forbes.com/companies/shaw-communications/,http://dbpedia.org/resource/SkyWave_Mobile_Communications,Shaw Communications,SkyWave Mobile Communications,Broadcasting & Cable,,CAN,Canada,5.1,,11.9,
0,0.836,http://www.forbes.com/companies/emerson-electric/,http://dbpedia.org/resource/Meisei_Electric,Emerson Electric,Meisei Electric,Electrical Equipment,Electronics,USA,Japan,24.7,110000000.0,24.1,
0,0.888,http://www.forbes.com/companies/arrow-electronics/,http://dbpedia.org/resource/Andrea_Electronics,Arrow Electronics,Andrea Electronics,Electronics,,USA,United States,21.4,,12.1,
0,0.84,http://www.forbes.com/companies/zoomlion-heavy-industry/,http://dbpedia.org/resource/Shandong_Heavy_Industry,Zoomlion Heavy Industry,Shandong Heavy Industry,Heavy Equipment,Heavy equipment,CHN,China,6.2,15460000000.0,14.8,
0,0.877,http://www.forbes.com/companies/american-natl-ins/,http://dbpedia.org/resource/American_Pop_Corn_Company,American Natl Ins,American Pop Corn Company,Diversified Insurance,,USA,United States,3.1,,23.3,
0,0.825,http://www.forbes.com/companies/harbinger-group/,http://dbpedia.org/resource/Allegis_Group,Harbinger Group,Allegis Group,Household/Personal Care,,USA,United States,5.7,8000000000.0,28.8,
0,0.836,http://www.forbes.com/companies/liberty-media-1/,http://dbpedia.org/resource/Liberty_Skis,Liberty Media,Liberty Skis,Broadcasting & Cable,Skiing,USA,United States,4.0,,34.5,
0,0.873,http://www.forbes.com/companies/shaw-communications/,http://dbpedia.org/resource/Zoom_Communications,Shaw Communications,Zoom Communications,Broadcasting & Cable,,CAN,Canada,5.1,,11.9,
0,0.87,http://www.forbes.com/companies/hyundai-motor/,http://dbpedia.org/resource/Hyundai_Development_Company,Hyundai Motor,Hyundai Development Company,Auto & Truck Manufacturers,,KOR,South Korea,79.8,3590000000.0,126.4,5720000000.0
0,0.883,http://www.forbes.com/companies/akamai-technologies/,http://dbpedia.org/resource/CRAIC_Technologies,Akamai Technologies,CRAIC Technologies,Computer Services,,USA,United States,1.6,,3.0,
0,0.822,http://www.forbes.com/companies/b-e-aerospace/,http://dbpedia.org/resource/Eclipse_Aerospace,B/E Aerospace,Eclipse Aerospace,Aerospace & Defense,Aerospace,USA,United States,3.5,,5.7,
0,0.818,http://www.forbes.com/companies/oceaneering-international/,http://dbpedia.org/resource/CPI_International,Oceaneering International,CPI International,Oil Services & Equipment,,USA,United States,3.3,340000000.0,3.1,
0,0.927,http://www.forbes.com/companies/dean-foods/,http://dbpedia.org/resource/Deep_Foods,Dean Foods,Deep Foods,Food Processing,,USA,United States,9.6,,2.8,
0,0.877,http://www.forbes.com/companies/american-capital-agency/,http://dbpedia.org/resource/American_Superconductor,American Capital Agency,American Superconductor,Real Estate,,USA,United States,2.0,316000000.0,76.3,400000000.0
0,0.832,http://www.forbes.com/companies/cic-group/,http://dbpedia.org/resource/V&S_Group,CIC Group,V&S Group,Major Banks,,FRA,Sweden,9.7,10.3,321.0,
0,0.925,http://www.forbes.com/companies/pinnacle-west/,http://dbpedia.org/resource/Pinnacle_Petroleum,Pinnacle West,Pinnacle Petroleum,Electric Utilities,,USA,United States,3.5,,13.5,
0,0.846,http://www.forbes.com/companies/saudi-electricity/,http://dbpedia.org/resource/Saudi_Advanced_Industries_Company,Saudi Electricity,Saudi Advanced Industries Company,Electric Utilities,,SAU,Saudi Arabia,9.5,,73.8,
0,0.927,http://www.forbes.com/companies/hokkaido-electric-power/,http://dbpedia.org/resource/Hokuriku_Electric_Power_Company,Hokkaido Electric Power,Hokuriku Electric Power Company,Electric Utilities,,JPN,Japan,6.2,495000000.0,16.8,1385922.0
0,0.826,http://www.forbes.com/companies/crown-castle-international/,http://dbpedia.org/resource/TAL_International_Group,Crown Castle International,TAL International Group,Telecommunications services,,USA,United States,3.0,642.86,20.6,
0,0.826,http://www.forbes.com/companies/china-telecom/,http://dbpedia.org/resource/Nepal_Telecom,China Telecom,Nepal Telecom,Telecommunications services,Telecommunication,CHN,Nepal,52.3,,89.7,45864000000.0
0,0.925,http://www.forbes.com/companies/sharp/,http://dbpedia.org/resource/Sharp_Solar,Sharp,Sharp Solar,Consumer Electronics,,JPN,Japan,29.2,,22.9,
0,0.849,http://www.forbes.com/companies/dte-energy/,http://dbpedia.org/resource/GenOn_Energy,DTE Energy,GenOn Energy,Electric Utilities,,USA,United States,9.6,,25.9,
0,0.853,http://www.forbes.com/companies/charter-communications/,http://dbpedia.org/resource/Weitbrecht_Communications,Charter Communications,Weitbrecht Communications,Broadcasting & Cable,,USA,United States,8.2,,17.3,
0,0.884,http://www.forbes.com/companies/china-aviation-oil/,http://dbpedia.org/resource/China_Minmetals,China Aviation Oil,China Minmetals,Trading Companies,Trading company,SGP,China,15.6,26667000000.0,1.6,
0,0.891,http://www.forbes.com/companies/american-electric/,http://dbpedia.org/resource/American_Party_of_Florida,American Electric,American Party of Florida,Electric Utilities,,USA,United States,15.3,,56.4,
0,0.826,http://www.forbes.com/companies/nextera-energy/,http://dbpedia.org/resource/Xcel_Energy,NextEra Energy,Xcel Energy,Electric Utilities,,USA,United States,14.6,10500000000.0,69.3,25000000000.0
0,0.886,http://www.forbes.com/companies/baxter-international/,http://dbpedia.org/resource/RCTV_International,Baxter International,RCTV International,Medical Equipment & Supplies,,USA,United States,15.3,,25.9,
0,0.872,http://www.forbes.com/companies/china-telecom/,http://dbpedia.org/resource/Zonda_Telecom,China Telecom,Zonda Telecom,Telecommunications services,Telecommunication,CHN,Mexico,52.3,,89.7,
0,0.858,http://www.forbes.com/companies/cameron-international/,http://dbpedia.org/resource/Jamison_International,Cameron International,Jamison International,Oil Services & Equipment,,USA,United States,9.8,,14.2,
0,0.821,http://www.forbes.com/companies/universal-health/,http://dbpedia.org/resource/Spectrum_Health,Universal Health,Spectrum Health,Healthcare Services,Health care,USA,United States,7.3,2600000000.0,8.3,
0,0.859,http://www.forbes.com/companies/hyundai-steel/,http://dbpedia.org/resource/Hyundai_Development_Company_Group,Hyundai Steel,Hyundai Development Company Group,Iron & Steel,,KOR,South Korea,12.4,,28.0,
0,0.857,http://www.forbes.com/companies/indian-oil/,http://dbpedia.org/resource/Indian_Telephone_Industries_Limited,Indian Oil,Indian Telephone Industries Limited,Oil & Gas Operations,,IND,India,74.6,,43.7,
0,0.885,http://www.forbes.com/companies/linear-technology/,http://dbpedia.org/resource/Silego_Technology_Inc.,Linear Technology,Silego Technology Inc.,Semiconductors,Semiconductor,USA,United States,1.3,,2.3,
0,0.828,http://www.forbes.com/companies/agilent-technologies/,http://dbpedia.org/resource/CRAIC_Technologies,Agilent Technologies,CRAIC Technologies,Electronics,,USA,United States,6.8,,10.6,
0,0.911,http://www.forbes.com/companies/cisco-systems/,http://dbpedia.org/resource/Microscan_Systems,Cisco Systems,Microscan Systems,Communications Equipment,,USA,United States,47.9,,98.4,
0,0.926,http://www.forbes.com/companies/grupo-carso/,http://dbpedia.org/resource/Grupo_Argos,Grupo Carso,Grupo Argos,Conglomerates,Conglomerate (company),MEX,Colombia,6.7,3700000000.0,6.6,
0,0.82,http://www.forbes.com/companies/valeant-pharmaceuticals/,http://dbpedia.org/resource/Salix_Pharmaceuticals,Valeant Pharmaceuticals,Salix Pharmaceuticals,Pharmaceuticals,Pharmaceutical industry,CAN,United States,5.8,,28.0,
0,0.843,http://www.forbes.com/companies/songbird-estates/,http://dbpedia.org/resource/Harrods_Estates,Songbird Estates plc,Harrods Estates,Real Estate,Real estate,GBR,United Kingdom,0.6,,12.2,
0,0.891,http://www.forbes.com/companies/american-international-group/,http://dbpedia.org/resource/American_Bureau_of_Shipping,American International Group,American Bureau of Shipping,Diversified Insurance,,USA,United States,68.1,,540.7,
0,0.885,http://www.forbes.com/companies/american-airlines-group/,http://dbpedia.org/resource/American_Locomotive_Company,American Airlines Group,American Locomotive Company,,,USA,United States,25.8,,26.8,
0,0.882,http://www.forbes.com/companies/frontier-communications/,http://dbpedia.org/resource/Frontier_Natural_Products_Co-op,Frontier Communications,Frontier Natural Products Co-op,Telecommunications services,,USA,United States,4.8,,16.6,
0,0.819,http://www.forbes.com/companies/affiliated-managers-group/,http://dbpedia.org/resource/Albright_Stonebridge_Group,Affiliated Managers Group,Albright Stonebridge Group,Investment Services,,USA,United States,2.2,,6.3,
0,0.818,http://www.forbes.com/companies/koc-holding/,http://dbpedia.org/resource/Ciner_Holding,Koç Holding,Ciner Holding,Conglomerates,,TUR,Turkey,34.7,,27.4,
0,0.926,http://www.forbes.com/companies/adobe-systems/,http://dbpedia.org/resource/RAE_Systems,Adobe Systems,RAE Systems,Software & Programming,,USA,United States,4.0,,10.2,
0,0.897,http://www.forbes.com/companies/american-tower/,http://dbpedia.org/resource/American_Party_of_Florida,American Tower,American Party of Florida,Real Estate,,USA,United States,3.4,,20.3,
0,0.847,http://www.forbes.com/companies/yamaha-motor/,http://dbpedia.org/resource/Mabuchi_Motor,Yamaha Motor,Mabuchi Motor,Recreational Products,,JPN,Japan,14.4,92602000000.0,10.9,18869100000018.3
0,0.869,http://www.forbes.com/companies/adobe-systems/,http://dbpedia.org/resource/Ulead_Systems,Adobe Systems,Ulead Systems,Software & Programming,Software,USA,Taiwan,4.0,34460000.0,10.2,
0,0.861,http://www.forbes.com/companies/fmc-technologies/,http://dbpedia.org/resource/Column_Technologies,FMC Technologies,Column Technologies,Oil Services & Equipment,,USA,United States,7.1,,6.6,
0,0.869,http://www.forbes.com/companies/emaar-properties/,http://dbpedia.org/resource/Senate_Properties,Emaar Properties,Senate Properties,Real Estate,Real estate,ARE,Finland,2.9,677000000.0,17.7,
0,0.886,http://www.forbes.com/companies/western-union/,http://dbpedia.org/resource/Western_Sugar_Cooperative,Western Union,Western Sugar Cooperative,Business & Personal Services,,USA,United States,5.5,,10.2,
0,0.9,http://www.forbes.com/companies/american-tower/,http://dbpedia.org/resource/American_Automotive_Equipment,American Tower,American Automotive Equipment,Real Estate,,USA,United States,3.4,,20.3,
0,0.826,http://www.forbes.com/companies/marriott-international/,http://dbpedia.org/resource/RCTV_International,Marriott International,RCTV International,Hotels & Motels,,USA,United States,12.8,,6.8,
0,0.925,http://www.forbes.com/companies/acer/,http://dbpedia.org/resource/Acer_Inc.,Acer,Acer Inc.,Computer Hardware,Computer hardware,TWN,Taiwan,12.1,,6.6,
0,0.847,http://www.forbes.com/companies/gpt-group/,http://dbpedia.org/resource/REA_Group,GPT Group,REA Group,Real Estate,,AUS,Australia,0.6,300900000.0,8.4,
0,0.887,http://www.forbes.com/companies/american-airlines-group/,http://dbpedia.org/resource/American_Respiratory_Care_Foundation,American Airlines Group,American Respiratory Care Foundation,,Health care,USA,United States,25.8,749783.0,26.8,2131930.0
0,0.89,http://www.forbes.com/companies/national-oilwell-varco/,http://dbpedia.org/resource/National_Circus_Project,National Oilwell Varco,National Circus Project,Oil Services & Equipment,,USA,United States,22.9,,34.8,
0,0.832,http://www.forbes.com/companies/general-growth-properties/,http://dbpedia.org/resource/Nakheel_Properties,General Growth Properties,Nakheel Properties,Real Estate,Real estate,USA,United Arab Emirates,2.5,,25.8,
0,0.839,http://www.forbes.com/companies/turk-telekom/,http://dbpedia.org/resource/Magyar_Telekom,Turk Telekom,Magyar Telekom,Telecommunications services,Telecommunication,TUR,Hungary,6.9,2698000000.0,8.5,4702000000.0
0,0.888,http://www.forbes.com/companies/baxter-international/,http://dbpedia.org/resource/Extol_International,Baxter International,Extol International,Medical Equipment & Supplies,,USA,United States,15.3,,25.9,
0,0.889,http://www.forbes.com/companies/micron-technology/,http://dbpedia.org/resource/MOS_Technology,Micron Technology,MOS Technology,Semiconductors,,USA,United States,11.3,,19.8,
0,0.901,http://www.forbes.com/companies/canadian-oil-sands/,http://dbpedia.org/resource/Canadian_Council_on_Africa,Canadian Oil Sands,Canadian Council on Africa,Oil & Gas Operations,,CAN,Canada,3.9,,9.6,
0,0.834,http://www.forbes.com/companies/sk-telecom/,http://dbpedia.org/resource/Jordan_Telecom,SK Telecom,Jordan Telecom,Telecommunications services,Telecommunication,KOR,Jordan,15.3,,25.2,
0,0.832,http://www.forbes.com/companies/nasdaq-omx-group/,http://dbpedia.org/resource/Simmons_Media_Group,NASDAQ OMX Group,Simmons Media Group,Investment Services,,USA,United States,3.2,,12.6,
0,0.91,http://www.forbes.com/companies/pinnacle-west/,http://dbpedia.org/resource/Pinnacle_Entertainment,Pinnacle West,Pinnacle Entertainment,Electric Utilities,,USA,United States,3.5,923710000.0,13.5,2193.0
0,0.826,http://www.forbes.com/companies/american-airlines-group/,http://dbpedia.org/resource/The_Barbarian_Group,American Airlines Group,The Barbarian Group,,Marketing,USA,United States,25.8,,26.8,
0,0.925,http://www.forbes.com/companies/american-airlines-group/,http://dbpedia.org/resource/American_Bureau_of_Shipping,American Airlines Group,American Bureau of Shipping,,,USA,United States,25.8,,26.8,
0,0.857,http://www.forbes.com/companies/occidental-petroleum/,http://dbpedia.org/resource/Pinnacle_Petroleum,Occidental Petroleum,Pinnacle Petroleum,Oil & Gas Operations,,USA,United States,24.4,,70.9,
0,0.821,http://www.forbes.com/companies/valero-energy/,http://dbpedia.org/resource/GenOn_Energy,Valero Energy,GenOn Energy,Oil & Gas Operations,,USA,United States,138.1,,47.3,
0,0.88,http://www.forbes.com/companies/canadian-natural-resources/,http://dbpedia.org/resource/Canadian_Co-operative_Association,Canadian Natural Resources,Canadian Co-operative Association,Oil & Gas Operations,,CAN,Canada,15.7,,50.4,
0,0.888,http://www.forbes.com/companies/telekom-indonesia/,http://dbpedia.org/resource/Telekom_Srbija,Telekom Indonesia,Telekom Srbija,Telecommunications services,Telecommunication,IND,Serbia,7.9,1386000000.0,10.5,2965000000.0
0,0.847,http://www.forbes.com/companies/general-growth-properties/,http://dbpedia.org/resource/Senate_Properties,General Growth Properties,Senate Properties,Real Estate,Real estate,USA,Finland,2.5,677000000.0,25.8,
0,0.822,http://www.forbes.com/companies/cheniere-energy/,http://dbpedia.org/resource/BrightSource_Energy,Cheniere Energy,BrightSource Energy,,,USA,United States,0.3,,9.7,
0,0.786,http://www.forbes.com/companies/fmc-technologies/,http://dbpedia.org/resource/Lark_Technologies,FMC Technologies,Lark Technologies,Oil Services & Equipment,Mobile application software,USA,United States,7.1,,6.6,
0,0.788,http://www.forbes.com/companies/sumitomo-corp/,http://dbpedia.org/resource/Sumitomo_Chemical,Sumitomo Corp,Sumitomo Chemical,Trading Companies,Pharmaceutical drug,JPN,Japan,33.2,1620900000000.0,81.1,
0,0.792,http://www.forbes.com/companies/toho-holdings/,http://dbpedia.org/resource/Citizen_Holdings,Toho Holdings,Citizen Holdings,Pharmaceuticals,,JPN,Japan,12.1,2720000000.0,5.9,
0,0.799,http://www.forbes.com/companies/nrg-energy/,http://dbpedia.org/resource/GE_Energy,NRG Energy,GE Energy,Electric Utilities,Energy,USA,United States,11.8,37100000000.0,33.9,
0,0.806,http://www.forbes.com/companies/altria-group/,http://dbpedia.org/resource/Park_City_Group,Altria Group,Park City Group,Tobacco,,USA,United States,17.7,11.74,34.9,
0,0.787,http://www.forbes.com/companies/universal-health/,http://dbpedia.org/resource/Adventist_Health_System,Universal Health,Adventist Health System,Healthcare Services,,USA,United States,7.3,7400000000.0,8.3,10600000000.0
0,0.802,http://www.forbes.com/companies/sun-pharma-industries/,http://dbpedia.org/resource/Teva_Pharmaceutical_Industries,Sun Pharma Industries,Teva Pharmaceutical Industries,Pharmaceuticals,Pharmaceutical drug,IND,Israel,2.1,20300000000.0,4.1,
0,0.79,http://www.forbes.com/companies/western-refining/,http://dbpedia.org/resource/Kanotex_Refining_Company,Western Refining,Kanotex Refining Company,Oil & Gas Operations,,USA,United States,10.1,,5.5,
0,0.788,http://www.forbes.com/companies/royal-caribbean-cruises/,http://dbpedia.org/resource/Royal_Purple_(lubricant_manufacturer),Royal Caribbean Cruises,Royal Purple (lubricant manufacturer),Hotels & Motels,,USA,United States,8.0,,20.1,
0,0.808,http://www.forbes.com/companies/peabody-energy/,http://dbpedia.org/resource/GreatPoint_Energy,Peabody Energy,GreatPoint Energy,Diversified Metals & Mining,,USA,United States,6.9,,14.1,
0,0.838,http://www.forbes.com/companies/nomura-holdings/,http://dbpedia.org/resource/Citizen_Holdings,Nomura Holdings,Citizen Holdings,Investment Services,,JPN,Japan,21.5,2720000000.0,415.2,
0,0.831,http://www.forbes.com/companies/unum-group/,http://dbpedia.org/resource/V&S_Group,Unum Group,V&S Group,Life & Health Insurance,,USA,Sweden,10.4,10.3,60.7,
0,0.82,http://www.forbes.com/companies/cameron-international/,http://dbpedia.org/resource/Great_Coasters_International,Cameron International,Great Coasters International,Oil Services & Equipment,,USA,United States,9.8,,14.2,
0,0.822,http://www.forbes.com/companies/philip-morris-international/,http://dbpedia.org/resource/CPI_International,Philip Morris International,CPI International,Tobacco,,USA,United States,30.9,340000000.0,38.2,
0,0.834,http://www.forbes.com/companies/mondelez-international/,http://dbpedia.org/resource/Lennox_International,Mondelēz International,Lennox International,Food Processing,,USA,United States,35.3,,72.6,
0,0.885,http://www.forbes.com/companies/quanta-services/,http://dbpedia.org/resource/HHA_Services,Quanta Services,HHA Services,Construction Services,,USA,United States,6.5,,5.9,
0,0.854,http://www.forbes.com/companies/saudi-telecom/,http://dbpedia.org/resource/Saudi_International_Petrochemical_Company,Saudi Telecom,Saudi International Petrochemical Company,Telecommunications services,,SAU,Saudi Arabia,12.2,,23.3,
0,0.835,http://www.forbes.com/companies/doosan-heavy-industries/,http://dbpedia.org/resource/Shandong_Heavy_Industry,Doosan Heavy Industries,Shandong Heavy Industry,Heavy Equipment,Heavy equipment,KOR,China,17.5,15460000000.0,26.3,
0,0.838,http://www.forbes.com/companies/japan-tobacco/,http://dbpedia.org/resource/Imperial_Tobacco,Japan Tobacco,Imperial Tobacco,Tobacco,Tobacco,JPN,United Kingdom,23.5,28269000000.0,41.8,
0,0.872,http://www.forbes.com/companies/hindustan-petroleum/,http://dbpedia.org/resource/Hindustan_Cables,Hindustan Petroleum,Hindustan Cables,Oil & Gas Operations,,IND,India,35.0,,17.1,
0,0.853,http://www.forbes.com/companies/lg-electronics/,http://dbpedia.org/resource/Oppo_Electronics,LG Electronics,Oppo Electronics,Consumer Electronics,Consumer electronics,KOR,China,53.1,,33.7,
0,0.848,http://www.forbes.com/companies/indian-oil/,http://dbpedia.org/resource/Indian_Register_of_Shipping,Indian Oil,Indian Register of Shipping,Oil & Gas Operations,,IND,India,74.6,,43.7,
0,0.836,http://www.forbes.com/companies/brunswick/,http://dbpedia.org/resource/Brunswick_Corporation,Brunswick,Brunswick Corporation,Recreational Products,Conglomerate (company),USA,United States,3.9,3748000000.0,2.9,2494000000.0
0,0.825,http://www.forbes.com/companies/arrow-electronics/,http://dbpedia.org/resource/America_II_Electronics,Arrow Electronics,America II Electronics,Electronics,Electronics,USA,United States,21.4,,12.1,
0,0.84,http://www.forbes.com/companies/delek-group/,http://dbpedia.org/resource/Wendel_(group),Delek Group,Wendel (group),Investment Services,Investment,ISR,France,10.7,,35.6,
0,0.889,http://www.forbes.com/companies/canadian-tire/,http://dbpedia.org/resource/Canadian_General_Electric,Canadian Tire,Canadian General Electric,Specialty Stores,,CAN,Canada,11.4,,12.8,
0,0.835,http://www.forbes.com/companies/china-resources-land/,http://dbpedia.org/resource/China_Coast,China Resources Land,China Coast,Real Estate,Restaurant,HKG,United States,9.3,,36.3,
0,0.82,http://www.forbes.com/companies/swatch-group/,http://dbpedia.org/resource/V&S_Group,Swatch Group,V&S Group,Apparel/Accessories,,CHE,Sweden,9.1,10.3,11.3,
0,0.824,http://www.forbes.com/companies/edison-international/,http://dbpedia.org/resource/CPI_International,Edison International,CPI International,Electric Utilities,,USA,United States,12.6,340000000.0,46.6,
0,0.835,http://www.forbes.com/companies/frontier-communications/,http://dbpedia.org/resource/Current_Communications_Group,Frontier Communications,Current Communications Group,Telecommunications services,,USA,United States,4.8,,16.6,
0,0.839,http://www.forbes.com/companies/rwe-group/,http://dbpedia.org/resource/REWE_Group,RWE Group,REWE Group,Electric Utilities,Retail,GER,Germany,68.2,50600000000.0,111.8,
0,0.83,http://www.forbes.com/companies/joy-global/,http://dbpedia.org/resource/SRG_Global,Joy Global,SRG Global,Heavy Equipment,,USA,United States,4.7,,5.5,
0,0.823,http://www.forbes.com/companies/micron-technology/,http://dbpedia.org/resource/Silego_Technology_Inc.,Micron Technology,Silego Technology Inc.,Semiconductors,Semiconductor,USA,United States,11.3,,19.8,
0,0.821,http://www.forbes.com/companies/cbre-group/,http://dbpedia.org/resource/VR_Group,CBRE Group,VR Group,Real Estate,Rail transport,USA,Finland,7.2,1422600000.0,7.0,
0,0.889,http://www.forbes.com/companies/canadian-imperial-bank/,http://dbpedia.org/resource/Canadian_Arrow,Canadian Imperial Bank,Canadian Arrow,Major Banks,,CAN,Canada,16.7,,359.6,
0,0.904,http://www.forbes.com/companies/cameron-international/,http://dbpedia.org/resource/Cameron_Mitchell_Restaurants,Cameron International,Cameron Mitchell Restaurants,Oil Services & Equipment,,USA,United States,9.8,,14.2,
0,0.853,http://www.forbes.com/companies/omnicom-group/,http://dbpedia.org/resource/NCO_Group,Omnicom Group,NCO Group,Advertising,,USA,United States,14.6,,22.1,
0,0.84,http://www.forbes.com/companies/sears-holdings/,http://dbpedia.org/resource/Sabre_Holdings,Sears Holdings,Sabre Holdings,Department Stores,Travel website,USA,United States,36.2,,18.3,
0,0.863,http://www.forbes.com/companies/cimarex-energy/,http://dbpedia.org/resource/Champion_Energy,Cimarex Energy,Champion Energy,Oil & Gas Operations,,USA,United States,2.0,,7.3,
0,0.832,http://www.forbes.com/companies/linear-technology/,http://dbpedia.org/resource/Bristol_Technology_Inc.,Linear Technology,Bristol Technology Inc.,Semiconductors,,USA,United States,1.3,,2.3,
0,0.904,http://www.forbes.com/companies/suntory-beverage-food/,http://dbpedia.org/resource/Suntory,Suntory Beverage & Food,Suntory,,,JPN,Japan,11.5,,12.0,
0,0.84,http://www.forbes.com/companies/agilent-technologies/,http://dbpedia.org/resource/Channel_Technologies_Group,Agilent Technologies,Channel Technologies Group,Electronics,Electronics manufacturing services,USA,United States,6.8,,10.6,
0,0.856,http://www.forbes.com/companies/odakyu-electric-railway/,http://dbpedia.org/resource/Oki_Electric_Industry,Odakyu Electric Railway,Oki Electric Industry,Railroads,,JPN,Japan,5.3,443900000000.0,12.0,
0,0.82,http://www.forbes.com/companies/avis-budget-group/,http://dbpedia.org/resource/Allegis_Group,Avis Budget Group,Allegis Group,Rental & Leasing,,USA,United States,7.9,8000000000.0,16.3,
0,0.895,http://www.forbes.com/companies/cc-media-holdings/,http://dbpedia.org/resource/Crown_Media_Holdings,CC Media Holdings,Crown Media Holdings,Broadcasting & Cable,,USA,United States,6.2,279600000.0,15.1,698000000.0
0,0.821,http://www.forbes.com/companies/american-express/,http://dbpedia.org/resource/REX_American_Resources,American Express,REX American Resources,Consumer Financial Services,,USA,United States,34.9,695690000.0,155.9,
0,0.832,http://www.forbes.com/companies/altria-group/,http://dbpedia.org/resource/NATCO_Group,Altria Group,NATCO Group,Tobacco,,USA,United States,17.7,,34.9,
0,0.897,http://www.forbes.com/companies/want-want-china/,http://dbpedia.org/resource/Want_Want,Want Want China,Want Want,Food Processing,Food,CHN,Taiwan,3.8,,4.3,
0,0.834,http://www.forbes.com/companies/caesars-entertainment/,http://dbpedia.org/resource/Imagine_Entertainment,Caesars Entertainment,Imagine Entertainment,Casinos & Gaming,,USA,United States,8.6,,24.7,
0,0.851,http://www.forbes.com/companies/honeywell-international/,http://dbpedia.org/resource/Lennox_International,Honeywell International,Lennox International,Conglomerates,,USA,United States,39.1,,45.4,
0,0.818,http://www.forbes.com/companies/honeywell-international/,http://dbpedia.org/resource/Jamison_International,Honeywell International,Jamison International,Conglomerates,,USA,United States,39.1,,45.4,
0,0.819,http://www.forbes.com/companies/whole-foods-market/,http://dbpedia.org/resource/NOW_Foods,Whole Foods Market,NOW Foods,Food Retail,,USA,United States,13.3,,5.7,
0,0.818,http://www.forbes.com/companies/unitedhealth-group/,http://dbpedia.org/resource/NATCO_Group,UnitedHealth Group,NATCO Group,Managed Health Care,,USA,United States,122.5,,81.9,
0,0.895,http://www.forbes.com/companies/american-natl-ins/,http://dbpedia.org/resource/American_Automotive_Equipment,American Natl Ins,American Automotive Equipment,Diversified Insurance,,USA,United States,3.1,,23.3,
0,0.853,http://www.forbes.com/companies/china-railway-construction/,http://dbpedia.org/resource/China_State_Construction_International_Holdings,China Railway Construction,China State Construction International Holdings,Construction Services,Construction,CHN,China,89.9,,87.5,
0,0.845,http://www.forbes.com/companies/hyundai-glovis/,http://dbpedia.org/resource/Hyundai_Development_Company,Hyundai Glovis,Hyundai Development Company,Other Transportation,,KOR,South Korea,11.7,3590000000.0,4.8,5720000000.0
0,0.845,http://www.forbes.com/companies/health-care-reit/,http://dbpedia.org/resource/Health_Advocate,Health Care REIT,Health Advocate,Real Estate,Health care,USA,United States,2.9,,23.1,
0,0.909,http://www.forbes.com/companies/telenor/,http://dbpedia.org/resource/Telenor_Serbia,Telenor,Telenor Serbia,Telecommunications services,Telecommunication,NOR,Serbia,17.7,385910000.0,30.6,383110000.0
0,0.887,http://www.forbes.com/companies/american-international-group/,http://dbpedia.org/resource/American_Machine_and_Foundry,American International Group,American Machine and Foundry,Diversified Insurance,,USA,United States,68.1,,540.7,
0,0.829,http://www.forbes.com/companies/japan-exchange-group/,http://dbpedia.org/resource/Janus_Capital_Group,Japan Exchange Group,Janus Capital Group,Investment Services,Investment,JPN,United States,1.2,981900000.0,15.6,158200000000.0
0,0.856,http://www.forbes.com/companies/cvr-energy/,http://dbpedia.org/resource/Fluidic_Energy,CVR Energy,Fluidic Energy,Oil & Gas Operations,,USA,United States,9.0,,3.7,
0,0.903,http://www.forbes.com/companies/american-tower/,http://dbpedia.org/resource/American_Superconductor,American Tower,American Superconductor,Real Estate,,USA,United States,3.4,316000000.0,20.3,400000000.0
0,0.83,http://www.forbes.com/companies/mitsubishi-ufj-lease/,http://dbpedia.org/resource/Mitsubishi_UFJ_NICOS,Mitsubishi UFJ Lease,Mitsubishi UFJ NICOS,Rental & Leasing,Financial services,JPN,Japan,7.2,,41.3,
0,0.858,http://www.forbes.com/companies/origin-energy/,http://dbpedia.org/resource/DONG_Energy,Origin Energy,DONG Energy,Electric Utilities,Electricity generation,AUS,Denmark,14.0,54598000000.0,27.2,
0,0.85,http://www.forbes.com/companies/crown-castle-international/,http://dbpedia.org/resource/Silicon_Graphics_International,Crown Castle International,Silicon Graphics International,Telecommunications services,,USA,United States,3.0,,20.6,
0,0.839,http://www.forbes.com/companies/american-capital-agency/,http://dbpedia.org/resource/American_Signature,American Capital Agency,American Signature,Real Estate,Retail,USA,United States,2.0,,76.3,
0,0.839,http://www.forbes.com/companies/western-union/,http://dbpedia.org/resource/Western_National_Bank,Western Union,Western National Bank,Business & Personal Services,Financial services,USA,United States,5.5,,10.2,1100000000.0
0,0.862,http://www.forbes.com/companies/taiwan-semiconductor/,http://dbpedia.org/resource/Celestial_Semiconductor,Taiwan Semiconductor,Celestial Semiconductor,Semiconductors,Semiconductor,TWN,China,20.1,,42.4,
0,0.837,http://www.forbes.com/companies/china-telecom/,http://dbpedia.org/resource/Jordan_Telecom,China Telecom,Jordan Telecom,Telecommunications services,Telecommunication,CHN,Jordan,52.3,,89.7,
0,0.874,http://www.forbes.com/companies/linear-technology/,http://dbpedia.org/resource/Marvell_Technology_Group,Linear Technology,Marvell Technology Group,Semiconductors,Semiconductor,USA,United States,1.3,3170000000.0,2.3,
0,0.86,http://www.forbes.com/companies/china-communications-construction/,http://dbpedia.org/resource/China_State_Construction_Engineering,China Communications Construction,China State Construction Engineering,Construction Services,Construction,CHN,China,52.8,,85.6,
0,0.827,http://www.forbes.com/companies/cameron-international/,http://dbpedia.org/resource/Diners_Club_International,Cameron International,Diners Club International,Oil Services & Equipment,,USA,United States,9.8,,14.2,
0,0.868,http://www.forbes.com/companies/cameron-international/,http://dbpedia.org/resource/Viacom_International,Cameron International,Viacom International,Oil Services & Equipment,,USA,United States,9.8,,14.2,
0,0.82,http://www.forbes.com/companies/applied-materials/,http://dbpedia.org/resource/Eagle_Materials,Applied Materials,Eagle Materials,Semiconductors,Cement,USA,United States,8.1,,12.2,
0,0.827,http://www.forbes.com/companies/datang-international-power/,http://dbpedia.org/resource/International_Power,Datang International Power,International Power,Electric Utilities,Electricity,CHN,United Kingdom,12.1,16167000000.0,49.2,
0,0.924,http://www.forbes.com/companies/brunswick/,http://dbpedia.org/resource/Brunswick_Boat_Group,Brunswick,Brunswick Boat Group,Recreational Products,,USA,United States,3.9,1000000000.0,2.9,
0,0.844,http://www.forbes.com/companies/dte-energy/,http://dbpedia.org/resource/NextEra_Energy,DTE Energy,NextEra Energy,Electric Utilities,,USA,United States,9.6,14300000000.0,25.9,64400000000.0
0,0.831,http://www.forbes.com/companies/lend-lease-group/,http://dbpedia.org/resource/REA_Group,Lend Lease Group,REA Group,Real Estate,,AUS,Australia,12.1,300900000.0,13.8,
0,0.904,http://www.forbes.com/companies/viacom/,http://dbpedia.org/resource/Viacom_International,Viacom,Viacom International,Broadcasting & Cable,,USA,United States,13.7,,22.8,
0,0.924,http://www.forbes.com/companies/tohoku-electric-power/,http://dbpedia.org/resource/Tokyo_Electric_Power_Company,Tohoku Electric Power,Tokyo Electric Power Company,Electric Utilities,Electric utility,JPN,Japan,19.9,,39.5,
0,0.859,http://www.forbes.com/companies/poly-real-estate/,http://dbpedia.org/resource/Sorouh_Real_Estate,Poly Real Estate,Sorouh Real Estate,Real Estate,Real estate,CHN,United Arab Emirates,13.1,,51.5,
0,0.82,http://www.forbes.com/companies/cno-financial-group/,http://dbpedia.org/resource/John_Crane_Group,CNO Financial Group,John Crane Group,Life & Health Insurance,,USA,United States,4.5,,34.8,
0,0.865,http://www.forbes.com/companies/honeywell-international/,http://dbpedia.org/resource/Edison_International,Honeywell International,Edison International,Conglomerates,,USA,United States,39.1,12361000000.0,45.4,41440000000.0
0,0.883,http://www.forbes.com/companies/mondelez-international/,http://dbpedia.org/resource/Extol_International,Mondelēz International,Extol International,Food Processing,,USA,United States,35.3,,72.6,
0,0.833,http://www.forbes.com/companies/honeywell-international/,http://dbpedia.org/resource/Pony_International,Honeywell International,Pony International,Conglomerates,,USA,United States,39.1,,45.4,
0,0.84,http://www.forbes.com/companies/agilent-technologies/,http://dbpedia.org/resource/G-Force_Technologies,Agilent Technologies,G-Force Technologies,Electronics,,USA,United States,6.8,,10.6,
0,0.894,http://www.forbes.com/companies/american-tower/,http://dbpedia.org/resource/American_Pop_Corn_Company,American Tower,American Pop Corn Company,Real Estate,,USA,United States,3.4,,20.3,
0,0.863,http://www.forbes.com/companies/mitsubishi-electric/,http://dbpedia.org/resource/Meisei_Electric,Mitsubishi Electric,Meisei Electric,Electrical Equipment,Electronics,JPN,Japan,38.8,110000000.0,32.5,
0,0.821,http://www.forbes.com/companies/general-electric/,http://dbpedia.org/resource/General_Revenue_Corporation,General Electric,General Revenue Corporation,Conglomerates,Collection agency,USA,United States,143.3,,656.6,
0,0.848,http://www.forbes.com/companies/nasdaq-omx-group/,http://dbpedia.org/resource/NCO_Group,NASDAQ OMX Group,NCO Group,Investment Services,,USA,United States,3.2,,12.6,
0,0.818,http://www.forbes.com/companies/oge-energy/,http://dbpedia.org/resource/Touchstone_Energy,OGE Energy,Touchstone Energy,Electric Utilities,,USA,United States,2.9,,9.5,
0,0.853,http://www.forbes.com/companies/adobe-systems/,http://dbpedia.org/resource/GridApp_Systems,Adobe Systems,GridApp Systems,Software & Programming,Software,USA,United States,4.0,,10.2,
0,0.924,http://www.forbes.com/companies/american-airlines-group/,http://dbpedia.org/resource/American_Axle,American Airlines Group,American Axle,,Automotive industry,USA,United States,25.8,,26.8,2300000000.0
0,0.901,http://www.forbes.com/companies/comcast/,http://dbpedia.org/resource/Comcast_Interactive_Media,Comcast,Comcast Interactive Media,Broadcasting & Cable,,USA,United States,64.7,,158.8,
0,0.833,http://www.forbes.com/companies/soho-china/,http://dbpedia.org/resource/Sunac_China,SOHO China,Sunac China,Real Estate,Real estate,CHN,China,2.4,,12.9,
0,0.821,http://www.forbes.com/companies/interactive-brokers-group/,http://dbpedia.org/resource/Albright_Stonebridge_Group,Interactive Brokers Group,Albright Stonebridge Group,Investment Services,,USA,United States,1.1,,37.9,
0,0.896,http://www.forbes.com/companies/national-oilwell-varco/,http://dbpedia.org/resource/National_Healthcare_Corp.,National Oilwell Varco,National Healthcare Corp.,Oil Services & Equipment,,USA,United States,22.9,769830000.0,34.8,
0,0.826,http://www.forbes.com/companies/new-media-investment-group/,http://dbpedia.org/resource/SBE_Entertainment_Group,New Media Investment Group,SBE Entertainment Group,,Hospitality,USA,United States,0.5,,0.7,
