label,score,id_a,id_b,name_a,name_b,artist_a,artist_b,duration_a,duration_b,tracks_a,tracks_b
1,0.717,mbrainz_6602,lastFM_13952,Double Sunrise Over Neptune,Double Sunrise Over ,"Parker, William",William Parker,3949,3949.0,"
			","
			"
1,0.974,mbrainz_6751,lastFM_14259,The Great Escape,The Great Escape,"Paperboys, The",Paperboys,2892,2909.0,"
			","
			"
1,1.0,mbrainz_3459,lastFM_7246,"Past Imperfect, Present Tense","Past Imperfect, Present Tense","Sanko, Erik",Erik Sanko,2241,2241.0,"
			","
			"
1,1.0,mbrainz_15088,lastFM_33176,Outside There's A Curse,Outside There's a Curse,"Marwood, Ben",Ben Marwood,2070,2070.0,"
			","
			"
1,1.0,mbrainz_5089,lastFM_10579,Revealing,Revealing,"Ulmer, James Blood",James Blood Ulmer,2186,2186.0,"
			","
			"
1,0.998,mbrainz_13837,lastFM_30023,Future Primitive,Future Primitive,Venereans,Venereans,949,956.0,"
			","
			"
1,1.0,mbrainz_14823,lastFM_32511,Trilogy,Trilogy,Christ Agony feat.,Christ Agony,3169,3163.0,"
			","
			"
1,0.999,mbrainz_9216,lastFM_19599,Devotion,Devotion,Ghosthouse,Ghosthouse,2354,2342.0,"
			","
			"
1,0.999,mbrainz_17829,lastFM_42817,The Rose Experience,The Rose Experience,Case,Case,3499,3489.0,"
			","
			"
1,1.0,mbrainz_8419,lastFM_17996,The Contaminated Void,The Contaminated Void,Coldworker,Coldworker,2377,2377.0,"
			","
			"
1,1.0,mbrainz_17763,lastFM_42390,Empire of the Obscene,Empire Of The Obscene,Revocation,Revocation,3348,3348.0,"
			","
			"
1,1.0,mbrainz_3408,lastFM_7150,Where We Belong,Where We Belong,Boyzone,Boyzone,4127,4127.0,"
			","
			"
1,1.0,mbrainz_1856,lastFM_4164,Pantera Keep The Faith,Pantera Keep The Faith,Bas Molendyk,Bas Molendyk,1075,1075.0,"
			","
			"
1,1.0,mbrainz_1358,lastFM_3162,Pseudo Erotica,Pseudo Erotica,"Williams, David E.",David E. Williams,0,649.0,"
			","
			"
1,0.999,mbrainz_13383,lastFM_28926,Trilogy EP,Trilogy EP,EELS,Eels,629,631.0,"
			","
			"
1,1.0,mbrainz_18315,lastFM_44379,Contra Auguste EP,Contra Auguste EP,Contra Auguste,contra auguste,1610,1610.0,"
			","
			"
1,0.999,mbrainz_919,lastFM_2137,Butterfly,Butterfly,Haus Arafna,Haus Arafna,2738,2755.0,"
			","
			"
1,1.0,mbrainz_5250,lastFM_10951,Surrender,Surrender,Suicide,Suicide,0,476.0,"
			","
			"
1,0.999,mbrainz_3746,lastFM_7807,Relapse,Relapse,Chiasm,Chiasm,3316,3329.0,"
			","
			"
1,0.998,mbrainz_10066,lastFM_21441,Echoes of the Rotting,Echoes of the Rotting,Atrocious Abnormality,Atrocious Abnormality,1808,1793.0,"
			","
			"
1,1.0,mbrainz_9006,lastFM_19184,Waking Up to Morning,Waking Up to Morning,Pinpoint,Pinpoint,326,326.0,"
			","
			"
1,1.0,mbrainz_10391,lastFM_22174,Art of life live,Art of life live,X JAPAN,X Japan,2054,2054.0,"
			","
			"
1,0.999,mbrainz_2603,lastFM_5535,Married With Singles,Married With Singles,Gruppo Sportivo,Gruppo Sportivo,4460,4472.0,"
			","
			"
1,1.0,mbrainz_13330,lastFM_28795,Replica,Replica,Afrojack,Afrojack,450,0.0,"
			",
1,1.0,mbrainz_32383,lastFM_80463,These Days,These Days,Earth A.D.,Earth A.D.,1732,1732.0,"
			","
			"
1,0.999,mbrainz_21629,lastFM_54797,Out of Time,Out of time,Killer of Sheep,Killer of Sheep,344,345.0,"
			","
			"
1,1.0,mbrainz_3047,lastFM_6435,A Nightmare on Elm Street 4: The Dream Master,A Nightmare On Elm Street 4: The Dream Master,"Safan, Craig",Craig Safan,2422,2422.0,"
			","
			"
1,1.0,mbrainz_1286,lastFM_2978,Beyond Seven,Beyond Seven,"Murphy, Mateo",Mateo Murphy,0,906.0,"
			","
			"
1,1.0,mbrainz_8709,lastFM_18559,Pathological Brutalistic Fermentation,Pathological Brutalistic Fermentation,Intestinal Strangulation,Intestinal Strangulation,1726,1726.0,"
			","
			"
1,1.0,mbrainz_9881,lastFM_21063,Children Know the Score,Children Know the Score,Distophia,Distophia,0,452.0,"
			","
			"
1,1.0,mbrainz_11399,lastFM_24445,Out of Time / Solaris,Out Of Time / Solaris,Echo,Echo,875,875.0,"
			","
			"
1,1.0,mbrainz_13786,lastFM_29901,Pacifica,Pacifica,Spor,Spor,1246,1246.0,"
			","
			"
1,0.994,mbrainz_14360,lastFM_31398,Singles,Singles,Fishbone,Fishbone,4653,4522.0,"
			","
			"
1,1.0,mbrainz_23284,lastFM_59073,Where We Belong,Where We Belong,"Woods, Peter J.",Peter J. Woods,1045,1045.0,"
			","
			"
1,1.0,mbrainz_8110,lastFM_17337,Puzzle EP,Puzzle EP,Fcode,Fcode,1161,1161.0,"
			","
			"
1,0.999,mbrainz_14187,lastFM_30936,Bellum omnium contra omnes,Bellum Omnium Contra Omnes,Diocletian,Diocletian,2698,2683.0,"
			","
			"
1,1.0,mbrainz_10077,lastFM_21459,United Colours of Beggattron,United Colours Of Beggattron,Foreign Beggars,Foreign Beggars,3122,3126.0,"
			","
			"
1,0.999,mbrainz_24503,lastFM_61997,Endgame,EndGame,Soulscar,Soulscar,2231,2225.0,"
			","
			"
1,0.999,mbrainz_16682,lastFM_38629,Monsters Exist,Monsters Exist,Proudpilot,proudpilot,2384,2373.0,"
			","
			"
1,1.0,mbrainz_5301,lastFM_11073,Constellation of Tragedy,Constellation of Tragedy,LSD March,LSD March,1641,1640.0,"
			","
			"
1,1.0,mbrainz_14136,lastFM_30795,Moving to California,Moving to California,Straw,Straw,0,362.0,"
			","
			"
1,1.0,mbrainz_20660,lastFM_52073,Submarine,Submarine,Boska,Boska,0,,"
			",
1,0.999,mbrainz_5596,lastFM_11781,Obscuration,Obscuration,Raspad Atoma,Raspad Atoma,3399,3376.0,"
			","
			"
1,1.0,mbrainz_5072,lastFM_10538,Flight of the Albatross,Flight Of The Albatross,Fairmont,Fairmont,1633,1633.0,"
			","
			"
1,1.0,mbrainz_26890,lastFM_67390,Voodoom Protonauts,Voodoom Protonauts,Gallileous,Gallileous,2139,2139.0,"
			","
			"
1,1.0,mbrainz_14036,lastFM_30509,The Enchanting Dark's Arrival,The Enchanting Dark's Arrival,Ars Manifestia,Ars Manifestia,3308,3314.0,"
			","
			"
1,1.0,mbrainz_150,lastFM_201,Twin Peaks Theme,Twin Peaks theme,Minimalistix,Minimalistix,1625,1623.0,"
			","
			"
1,1.0,mbrainz_18855,lastFM_46216,All by Myself / Double Trouble,All By Myself / Double Trouble,"Broonzy, Big Bill",Big Bill Broonzy,0,313.0,"
			","
			"
1,1.0,mbrainz_6334,lastFM_13371,Resurrection EP,Resurrection EP,Warforge,Warforge,2177,,"
			",
1,0.999,mbrainz_4279,lastFM_8853,Beyond Good and Evil,Beyond Good And Evil,Atma,ATMA,4319,4300.0,"
			","
			"
1,0.999,mbrainz_1101,lastFM_2540,Funkentelechy vs. the Placebo Syndrome,Funkentelechy Vs. The Placebo Syndrome,Parliament,Parliament,2659,2650.0,"
			","
			"
1,1.0,mbrainz_2891,lastFM_6119,Dying Reveal,Dying Reveal,Tho-So-Aa,Tho-So-Aa,960,960.0,"
			","
			"
1,0.996,mbrainz_4548,lastFM_9374,Signifyin' Breaks,Signifyin' Breaks,"Signify, DJ",DJ Signify,3529,3588.0,"
			","
			"
1,1.0,mbrainz_5149,lastFM_10714,Broken Words and Lost Answers,Broken words and lost answers,Lunt,Lunt,2250,2245.0,"
			","
			"
1,0.999,mbrainz_13341,lastFM_28822,Confessin' the Blues,Confessin' The Blues,"Simpson, Kerri",Kerri Simpson,3298,3287.0,"
			","
			"
1,1.0,mbrainz_3001,lastFM_6350,Daydreaming,Daydreaming,"Ellis, Alton",Alton Ellis,0,1794.0,"
			","
			"
1,0.996,mbrainz_27090,lastFM_67842,Classics,Classics,"Werner, Susan",Susan Werner,2167,2126.0,"
			","
			"
1,0.999,mbrainz_2139,lastFM_4650,Ex-Girlfriends,Ex-Girlfriends,Low Millions,Low Millions,2543,2537.0,"
			","
			"
1,0.994,mbrainz_13464,lastFM_29112,Somewhere Else,Somewhere Else,Dead Gaze,Dead Gaze,623,605.0,"
			","
			"
1,1.0,mbrainz_23850,lastFM_60429,Heritage,Heritage,All the Cold,All The Cold,1991,1993.0,"
			","
			"
1,1.0,mbrainz_1271,lastFM_2946,Untrue,Untrue,Soulproof,Soulproof,0,389.0,"
			","
			"
1,0.997,mbrainz_3337,lastFM_6998,The Razors Edge,The Razors Edge,AC/DC,AC/DC,2787,2742.0,"
			","
			"
1,1.0,mbrainz_10080,lastFM_21469,Outside Looking In,Outside Looking In,"Ward, Nick",Nick Ward,1898,1894.0,"
			","
			"
1,1.0,mbrainz_21601,lastFM_54718,The Conundrum,The Conundrum,Auditive Escape,Auditive Escape,3031,3029.0,"
			","
			"
1,0.999,mbrainz_24245,lastFM_61385,Phrenology,Phrenology,Shroud of Tears,Shroud Of Tears,1752,1757.0,"
			","
			"
1,1.0,mbrainz_20268,lastFM_51055,Hypnotized,Hypnotized,Cell Division,Cell Division,0,1158.0,"
			","
			"
1,1.0,mbrainz_13146,lastFM_28351,Tallinn at Dawn,Tallinn at Dawn,"Minerva, Maria",Maria Minerva,1934,1934.0,"
			","
			"
1,0.999,mbrainz_7572,lastFM_16163,Inside/Outside,Inside/Outside,Chinese Puzzle,Chinese Puzzle,2064,2058.0,"
			","
			"
1,0.999,mbrainz_11647,lastFM_24976,Fleeting Frequencies,Fleeting Frequencies,Patience Please,Patience Please,1700,1690.0,"
			","
			"
1,1.0,mbrainz_16291,lastFM_37371,Casino aquatique,Casino Aquatique,Dirty Doering,Dirty Doering,403,403.0,"
			","
			"
1,1.0,mbrainz_244,lastFM_421,The Ambush / Fearless Calypso,The Ambush / Fearless Calypso,Twintone,Twintone,713,713.0,"
			","
			"
1,0.995,mbrainz_16001,lastFM_35907,Bring It On!: The Best Of Limp Bizkit Remixes,Bring It On!: The Best Of Limp Bizkit Remixes,Limp Bizkit,Limp Bizkit,4777,4662.0,"
			","
			"
1,1.0,mbrainz_13939,lastFM_30275,A Painful Journey Into Nihil,A Painful Journey Into Nihil,Condenados,Condenados,0,2468.0,"
			","
			"
1,1.0,mbrainz_8227,lastFM_17605,Broken World,Broken World,Engine-V,Engine-V,0,3331.0,"
			","
			"
1,1.0,mbrainz_3779,lastFM_7857,Two New Songs of Mount Eerie,Two New Songs of Mount Eerie,Mount Eerie,Mount Eerie,0,52.0,"
			","
			"
1,0.996,mbrainz_2169,lastFM_4709,Mental Relapse,Mental Relapse,Urban Dance Squad,Urban Dance Squad,1168,1147.0,"
			","
			"
1,0.995,mbrainz_5998,lastFM_12629,Broken Music,Broken Music,A Kiss Could Be Deadly,A. Kiss Could Be Deadly,469,469.0,"
			","
			"
1,1.0,mbrainz_127,lastFM_164,Un Dia Soleado / Only Dubbin' on My 808,Un Dia Soleado / Only Dubbin' On My 808,Jeremiah,Jeremiah,0,353.0,"
			","
			"
1,1.0,mbrainz_25027,lastFM_63199,It's A Crazy World,It's a crazy world,Heinz aus Wien,Heinz aus Wien,3059,,"
			",
1,1.0,mbrainz_27835,lastFM_69727,"Far Beyond, Before the Time","Far Beyond, Before the Time",Kerovnian,Kerovnian,2653,2653.0,"
			","
			"
1,0.993,mbrainz_23681,lastFM_60033,Spiritus: Breath of Life,Spiritus: Breath of Life,Lorellei,Lorellei,3567,3453.0,"
			","
			"
1,1.0,mbrainz_4029,lastFM_8373,Enchantress,Enchantress,Syndel,Syndel,0,2614.0,"
			","
			"
1,1.0,mbrainz_6466,lastFM_13642,Chrome,Chrome,Chromium,Chromium,1666,,"
			",
1,0.997,mbrainz_31392,lastFM_78143,Contracorriente,Contracorriente,Vainica Doble,Vainica Doble,2114,2085.0,"
			","
			"
1,0.999,mbrainz_22096,lastFM_56062,Northern Sunrise,Northern Sunrise,"Pohjola, Mika",Mika Pohjola,4655,4670.0,"
			","
			"
1,1.0,mbrainz_1082,lastFM_2495,Echoes in the Emptiness,Echoes in the Emptiness,Exuviae,Exuviae,4395,0.0,"
			","
			"
1,1.0,mbrainz_14630,lastFM_32033,The Seasons (Springtime-Summer) - Electronic Music - Sound Music Album 29,The Seasons (Springtime-Summer) - Electronic Music - Sound Music Album 29,"Thomass, Eugen",Eugen Thomass,2226,2226.0,"
			","
			"
1,0.999,mbrainz_13725,lastFM_29755,Embrace Damnation,Embrace Damnation,Houwitser,Houwitser,2159,2151.0,"
			","
			"
1,1.0,mbrainz_17127,lastFM_40079,Architecture of Perfect Damnation,Architecture of Perfect Damnation,Urshurark feat.,Urshurark,3130,3130.0,"
			","
			"
1,1.0,mbrainz_3068,lastFM_6487,Interpolations,Interpolations,"Liles, Andrew",Andrew Liles,2314,2314.0,"
			","
			"
1,0.994,mbrainz_29214,lastFM_72861,The Music Man,The Music Man,"Willson, Meredith",Meredith Willson,2788,2866.0,"
			","
			"
1,1.0,mbrainz_16327,lastFM_37535,Deep Trouble EP,Deep Trouble EP,Morgenklang,Morgenklang,970,970.0,"
			","
			"
1,1.0,mbrainz_24381,lastFM_58003,"Oh, the Good Life","Oh, The Good Life",Talking to Turtles,Talking To Turtles,2271,2271.0,"
			","
			"
1,1.0,mbrainz_344,lastFM_637,God Bless the Conspiracy,God Bless The Conspiracy,Sandoz,Sandoz,4077,4077.0,"
			","
			"
1,0.999,mbrainz_469,lastFM_988,Bengali Bantam Youth Experience!,Bengali Bantam Youth Experience!,Black Star Liner,Black Star Liner,2490,2479.0,"
			","
			"
1,0.999,mbrainz_26680,lastFM_66876,Synagoga Obscura,Synagoga Obscura,Khaospath,Khaospath,1989,1994.0,"
			","
			"
1,0.999,mbrainz_15556,lastFM_34250,Nightmare,Nightmare,Pittersplatter,Pittersplatter,1659,1652.0,"
			","
			"
1,1.0,mbrainz_592,lastFM_1342,Icarus (Angel Dust),Icarus (Angel Dust),Ledge,Ledge,1881,,"
			",
1,1.0,mbrainz_5715,lastFM_12057,Kiss Kiss Bang Bang,Kiss Kiss Bang Bang,Slyde,Slyde,807,807.0,"
			","
			"
1,0.998,mbrainz_24101,lastFM_61032,Liebe Mutter,Liebe Mutter,Heino,Heino,2578,2551.0,"
			","
			"
1,0.996,mbrainz_7257,lastFM_15486,Loch AAngeles Monster,Loch AAngeles Monster,Starlings,Starlings,1070,1090.0,"
			","
			"
1,1.0,mbrainz_6990,lastFM_14832,Trouble Everywhere,Trouble Everywhere,Daylight's for the Birds,Daylight's For The Birds,0,2140.0,"
			","
			"
1,1.0,mbrainz_9087,lastFM_19350,We the Fallen,We The Fallen,Psyclon Nine,Psyclon Nine,2947,2949.0,"
			","
			"
1,1.0,mbrainz_17696,lastFM_42159,Feste fallen,Feste fallen,Eugen,Eugen,657,657.0,"
			","
			"
1,1.0,mbrainz_2155,lastFM_4681,1 on 1 / Empire,1 On 1 / Empire,Distance,Distance,657,658.0,"
			","
			"
1,1.0,mbrainz_757,lastFM_1777,Must Be the Music,Must Be the Music,Razor Babes,Razor Babes,0,406.0,"
			","
			"
1,0.999,mbrainz_5387,lastFM_11274,Adrenaline Drive,Adrenaline Drive,Sharonas,Sharonas,2002,1997.0,"
			","
			"
1,1.0,mbrainz_5002,lastFM_10376,Better Get Ready,Better Get Ready,Lulu,Lulu,1193,1194.0,"
			","
			"
1,0.997,mbrainz_13703,lastFM_70995,Glee: The Music Presents The Warblers,Glee The Music Presents The Warblers,Glee Cast,Glee Cast,2504,,"
			",
1,1.0,mbrainz_1172,lastFM_2711,The Lost Souls,The Lost Souls,dynArec,DynArec,0,0.0,"
			","
			"
1,1.0,mbrainz_1163,lastFM_2679,Spiritualism / Trans Bohemia,Spiritualism / Trans Bohemia,Breakage,Breakage,734,734.0,"
			","
			"
1,1.0,mbrainz_18368,lastFM_44518,Funeralive,Funeralive,Minotauri,Minotauri,0,2510.0,"
			","
			"
1,1.0,mbrainz_14091,lastFM_30678,The Confessions of Mr. Modest,The Confessions of Mr. Modest,Grieves (and others),Grieves,2136,2141.0,"
			","
			"
1,1.0,mbrainz_28566,lastFM_71414,Sinister Spirit of War,Sinister Spirit Of War,1389 (and others),1389,539,539.0,"
			","
			"
1,1.0,mbrainz_3241,lastFM_6832,"N.A.M.E. Gallery, Chicago, Illinois 03.01.86","N.A.M.E. Gallery, Chicago, Illinois 03.01.86",Z'EV,Z'EV,0,2468.0,"
			","
			"
1,0.999,mbrainz_23957,lastFM_60676,Out of the Woods,Out of the Woods,Roostar,Roostar,2926,2906.0,"
			","
			"
1,1.0,mbrainz_23963,lastFM_60690,The Clarity,The Clarity,Sleep,Sleep,591,591.0,"
			","
			"
1,0.999,mbrainz_3504,lastFM_7331,"Deep Cuts, Fast Remedies","Deep Cuts, Fast Remedies",Snowdogs,Snowdogs,2646,2635.0,"
			","
			"
1,0.999,mbrainz_18301,lastFM_44336,Road to Nowhere,Road to Nowhere,Bullet for My Valentine,Bullet for My Valentine,989,986.0,"
			","
			"
1,1.0,mbrainz_8680,lastFM_18500,Kick's For Liberation,Kick's For Liberation,USAO,USAO,4160,4160.0,"
			","
			"
1,1.0,mbrainz_21027,lastFM_53101,Visions of Burning Aeons,Visions of Burning Aeons,Aeon Aphelion,Aeon Aphelion,2856,2860.0,"
			","
			"
1,1.0,mbrainz_10351,lastFM_22079,Purplene,Purplene,Purplene,Purplene,2489,0.0,"
			","
			"
1,1.0,mbrainz_22929,lastFM_58179,Stories: The Singles Collection,Stories: The Singles Collection,Therapy?,Therapy?,2709,2704.0,"
			","
			"
1,1.0,mbrainz_505,lastFM_1110,Anxiety,Anxiety,Pain Station,Pain Station,3319,3319.0,"
			","
			"
1,1.0,mbrainz_6704,lastFM_14157,Nevermind the Living Dead,Nevermind The Living Dead,Stuck in the Sound,Stuck in the Sound,3398,3394.0,"
			","
			"
1,0.999,mbrainz_12746,lastFM_27447,In This World and Beyond,In This World and Beyond,Narrow Pass,Narrow Pass,3513,3500.0,"
			","
			"
1,1.0,mbrainz_604,lastFM_1375,Electronic Underground,Electronic Underground,Megaptera,Megaptera,3655,3650.0,"
			","
			"
1,1.0,mbrainz_164,lastFM_236,No Texture / Not For Outsiders,No Texture / Not for Outsiders,Paradox,Paradox,0,976.0,"
			","
			"
1,1.0,mbrainz_7672,lastFM_16380,Experience,Experience,Tunnel Rats,Tunnel Rats,3162,3163.0,"
			","
			"
1,0.999,mbrainz_46,lastFM_62,We Are the Future 3,We are the Future 3,Future 3,Future 3,4104,4092.0,"
			","
			"
1,1.0,mbrainz_18526,lastFM_45074,Long Way Down,Long Way Down,Hellsonics,Hellsonics,0,,"
			",
1,1.0,mbrainz_359,lastFM_666,Vessel / Fragment,Vessel / Fragment,Black Sun Empire,Black Sun Empire,774,0.0,"
			","
			"
1,0.998,mbrainz_175,lastFM_278,Polyrhythmic Electronica,polyrhythmic electronica,Benge,Benge,1606,1620.0,"
			","
			"
1,1.0,mbrainz_2907,lastFM_6144,Listen. Experience. Connect.,Listen. Experience. Connect.,Mephisto Odyssey,Mephisto Odyssey,1142,1142.0,"
			","
			"
1,0.999,mbrainz_1935,lastFM_4291,Dark Opera of the Ancient War Spirit (Or Search the Light),Dark Opera of the Ancient War Spirit (or search the light),Daemonium,Daemonium,1560,1554.0,"
			","
			"
1,1.0,mbrainz_5422,lastFM_11359,Trouble / Division One,Trouble / Division One,Scorpio,Scorpio,0,909.0,"
			","
			"
1,1.0,mbrainz_29530,lastFM_73644,Deadstring Brothers,Deadstring Brothers,Deadstring Brothers,Deadstring Brothers,2705,2706.0,"
			","
			"
1,1.0,mbrainz_719,lastFM_1683,Serious Trouble,Serious Trouble,Zongamin,Zongamin,0,432.0,"
			","
			"
1,1.0,mbrainz_7556,lastFM_16125,Moment of Truth,Moment Of Truth,L-OW,L-OW,640,640.0,"
			","
			"
1,1.0,mbrainz_17639,lastFM_41959,When the Dust Settles,When the Dust Settles,Sound Tribe Sector 9,Sound Tribe Sector 9,1334,,"
			",
1,1.0,mbrainz_47,lastFM_65,Beyond the Ozone EP,Beyond the Ozone EP,Aubrey,Aubrey,0,175.0,"
			","
			"
1,1.0,mbrainz_6799,lastFM_14373,Happiness,Happiness,Her Majesty (and others),Her Majesty,3030,3031.0,"
			","
			"
1,1.0,mbrainz_9890,lastFM_21088,Empire Prism,empire prism,Tiny Vipers (and others),Tiny Vipers,3100,3095.0,"
			","
			"
1,1.0,mbrainz_16310,lastFM_37463,Funeral Black,Funeral Black,Bahimiron,Bahimiron,0,291.0,"
			","
			"
1,1.0,mbrainz_8972,lastFM_19099,Anti-Human Black Metal,Anti-Human Black Metal,Lugubre,Lugubre,2365,2362.0,"
			","
			"
1,0.997,mbrainz_14594,lastFM_31957,Sweet Dreams: The Encore Collection,Sweet Dreams: The Encore Collection,Air Supply,Air Supply,2525,2567.0,"
			","
			"
1,1.0,mbrainz_29624,lastFM_73899,Supersonic Black Metal,Supersonic Black Metal,Eating Shit,Eating Shit,2269,2269.0,"
			","
			"
1,1.0,mbrainz_11467,lastFM_24575,Never Surrender,Never Surrender,Combichrist,Combichrist,1193,1194.0,"
			","
			"
1,1.0,mbrainz_33542,lastFM_82952,Back from the Damnation,Back From The Damnation,Manipulated Slaves,Manipulated Slaves,3223,3223.0,"
			","
			"
1,1.0,mbrainz_2864,lastFM_6073,Ghastly Beyond Belief,Ghastly Beyond Belief,Miladojka Youneed,Miladojka Youneed,2282,0.0,"
			","
			"
0,0.878,mbrainz_18947,lastFM_46526,The Tragedy of Innocence, Tragedy of Innocence,Prymary,Prymary,4360,3468.0,"
			","
			"
0,0.898,mbrainz_8653,lastFM_18438,We Never Give Up, Never Give Up,AAGSF,AAGSF,0,1614.0,"
			","
			"
0,0.786,mbrainz_11547,lastFM_16159,The Best of the Isley Brothers,The Best Of The Delmore Brothers,"Isley Brothers, The",T. Delmore Brothers,1602,,"
			",
0,0.771,mbrainz_31275,lastFM_38696,Spirit,Spirit,Reckless Love,Peter Kater,2782,2377.0,"
			","
			"
0,0.867,mbrainz_5511,lastFM_11590,The Complete Singles Collection,The Complete Singles Collection,ABBA,ABBA,3921,7700.0,"
			","
			"
0,0.8,mbrainz_426,lastFM_879,Broken Toys' Corner,D'Arcangelo -  Broken Toys' Corner,D'Arcangelo,D'Arcangelo,3158,2000.0,"
			","
			"
0,0.773,mbrainz_1724,lastFM_83398,Shelter,Shelter,"Carson, Lori feat.",D. San,2755,,"
			",
0,0.843,mbrainz_1092,lastFM_39426,Dangerous,Dangerous ,Busta Rhymes,Stan Meissner,1021,,"
			",
0,0.786,mbrainz_25801,lastFM_71120,Unplugged,Unplugged Guitar Moods,"Rolling Stones, The",Simon Stewart,3503,3577.0,"
			","
			"
0,0.898,mbrainz_18501,lastFM_44997,Visions of Time,Visions Of ,Vinder,Vinder,2569,1763.0,"
			","
			"
0,0.832,mbrainz_17547,lastFM_66885,The Singles,The Singles,Blessid Union of Souls,Demis Roussos,3453,3860.0,"
			","
			"
0,0.924,mbrainz_11264,lastFM_24155,Drum 'n Bass Singles 2005 - 2006,Drum 'N Bass Singles 2005 - 2006,Counterstrike,Counterstrike,5169,3567.0,"
			","
			"
0,0.866,mbrainz_9768,lastFM_20795,Here Comes Trouble,Here Comes Trouble,"Eyeliners, The",T. Eyeliners,1667,1229.0,"
			","
			"
0,0.89,mbrainz_15041,lastFM_11345,Beyond Slavery,Beyond the Apocalypse,Romeo Time,1349,2670,2628.0,"
			","
			"
0,0.88,mbrainz_5511,lastFM_52586,The Complete Singles Collection,The  Collection,ABBA,Chicory Tip,3921,3857.0,"
			","
			"
0,0.783,mbrainz_21265,lastFM_16898,Outside,outside ,CFCF,Haj,3121,1541.0,"
			","
			"
0,0.935,mbrainz_5219,lastFM_10885,Translated Visions Exp: 002,Translated Visions Exp: 002,Mindustries,Mindustries,1355,986.0,"
			","
			"
0,0.794,mbrainz_4139,lastFM_52305,Shallow Water Blackout,Shallow Grave,Tuk (and others),Shallow Grave,2326,3340.0,"
			","
			"
0,0.818,mbrainz_22176,lastFM_56290,Fantasmagoria,[explicit] Fantasmagoria,Epysode,Epysode,3750,2896.0,"
			","
			"
0,0.773,mbrainz_26985,lastFM_10307,Beyond Janis,Beyond the Sound Barrier,"Oster, Ulla",W. Shorter Quartet,3087,3679.0,"
			","
			"
0,0.77,mbrainz_4700,lastFM_74815,Blackout,Blackout,Solano,Joton,4623,,"
			",
0,0.863,mbrainz_15910,lastFM_13701,Spiritual People,Spiritual Vibes,Speech,Ital,3324,4027.0,"
			","
			"
0,0.791,mbrainz_19268,lastFM_4403,"Beyond Virtue, Beyond Vice",Beyond City ,Vaux,Jon Jenkins,2557,3777.0,"
			","
			"
0,0.808,mbrainz_10369,lastFM_41254,Visions,Visions,Butt Boy,Robert O.,3500,,"
			",
0,0.778,mbrainz_2926,lastFM_59922,Singles, Singles,"Specials, The",Critically A.,3489,,"
			",
0,0.963,mbrainz_498,lastFM_1074,The Broken Sequencer,The Broken Sequencer,Kagami,Kagami,4038,3375.0,"
			","
			"
0,0.778,mbrainz_2393,lastFM_53163,Casino,Casino,Blue Rodeo,Nu Nrg,2254,,"
			",
0,0.93,mbrainz_28858,lastFM_72083,Frankenstein Girls Will Seem Strangely Sexy (release),Frankenstein Girls Will Seem Strangely Sexy,Mindless Self Indulgence,Mindless S. Indulgence,3525,3147.0,"
			","
			"
0,0.993,mbrainz_853,lastFM_36369,Nowhere,Nowhere,SIMM,J. Takei,1241,1217.0,"
			","
			"
0,0.777,mbrainz_1274,lastFM_1156,The Future,[explicit] Future Primitives,Guy,Intermix,4383,4103.0,"
			","
			"
0,0.87,mbrainz_2945,lastFM_31015,Colors of Light,Colors of Jazz,"Creed, Helios",Blazo,2754,3207.0,"
			","
			"
0,0.931,mbrainz_11888,lastFM_25564,Nellie the Elephant (orig.),Nellie  Elephant,"Miller, Mandy",Mandy Miller,0,30.0,"
			","
			"
0,0.801,mbrainz_17077,lastFM_39952,Return to Forever,G. Arts -  Return to Forever,GB Arts,G. Arts,3803,2842.0,"
			","
			"
0,0.809,mbrainz_14837,lastFM_20132,MTV Unplugged,MTV Unplugged,"Carey, Mariah",Katy Perry,1724,1778.0,"
			","
			"
0,0.774,mbrainz_23963,lastFM_11922,The Clarity,Let Clarity Succumb,Sleep,Chaos O.,591,711.0,"
			","
			"
0,0.779,mbrainz_23436,lastFM_67915,Classics, Classics,Sacred Warrior,Michael Jackson,3280,3609.0,"
			","
			"
0,0.773,mbrainz_16285,lastFM_18811,Beyond the Mirror,Beyond the dream,Jael,Fellirium,3128,3126.0,"
			","
			"
0,0.787,mbrainz_23071,lastFM_57581,Daily Garbage,Beautiful Garbage,Garbage,Garbage,4494,2060.0,"
			","
			"
0,0.82,mbrainz_20054,lastFM_78843,Goblin Island,Goblin King,Nekrogoblikon,King Goblin,2398,2600.0,"
			","
			"
0,0.833,mbrainz_19124,lastFM_34990,The Singles Collection,The  collection 2,Styx,D. Bowie,3653,4519.0,"
			","
			"
0,0.963,mbrainz_978,lastFM_2271,Golden Techno Classics,Golden Techno Classics,Unit Moebius,Unit Moebius,2615,2192.0,"
			","
			"
0,0.844,mbrainz_15122,lastFM_33265,Tarot Classics, Classics,Surfer Blood,Surfer B.,1397,1786.0,"
			","
			"
0,0.908,mbrainz_162,lastFM_171,Spiritual Aura,Spiritual Aura (Remixes),"Rap, DJ",D. Rap,0,,"
			",
0,0.949,mbrainz_31563,lastFM_18369,Houdini,Houdini Live 2005,Melvins,Melvins,3282,3253.0,"
			","
			"
0,0.875,mbrainz_3154,lastFM_22977,Hidden Connections,Hidden Gems,Retranslator,O.C.,3518,3922.0,"
			","
			"
0,0.8,mbrainz_32790,lastFM_64254,Bad Blood,Bread Money / Blood Money,"Wiitala Brothers, The",The Noriegas,0,,"
			",
0,0.776,mbrainz_28159,lastFM_58492,Spirit of the Rainforest,Spirit of ,"Oldfield, Terry",Fletch Wiley,3341,,"
			",
0,0.81,mbrainz_5415,lastFM_34641,Beyond the Apocalypse,Beyond Blue,1349,Nookie,2852,2224.0,"
			","
			"
0,0.889,mbrainz_19124,lastFM_64052,The Singles Collection,The Singles '67-'78,Styx,MUD,3653,3652.0,"
			","
			"
0,0.905,mbrainz_9062,lastFM_29297,Echoes of Yul,Echoes of Yul / Guantanamo Party Program / Sun for Miles,Echoes of Yul,Echoes o. Yul,4589,,"
			",
0,0.948,mbrainz_6390,lastFM_13478,Loveless,Loveless,Japancakes,Japancakes,3067,2386.0,"
			","
			"
0,0.775,mbrainz_19488,lastFM_3075,Immaterial Visions,Simples Visions,"KVB, The",harpagÃƒÂ¨s,1996,1690.0,"
			","
			"
0,0.907,mbrainz_11852,lastFM_5776,Daydream Nation,Daydream,Daydream Nation,Daydream,2319,,"
			",
0,0.935,mbrainz_8737,lastFM_18612,...Of The Fallen,...Of The Fallen,Avernus,Avernus,2421,1763.0,"
			","
			"
0,0.915,mbrainz_15365,lastFM_11713,Elevator Tourist,Elevator,Seedling,Room 2012,2194,2073.0,"
			","
			"
0,0.963,mbrainz_1054,lastFM_2442,The Troubleshooters,The Troubleshooters,Funkdoobiest,Funkdoobiest,3733,3128.0,"
			","
			"
0,0.788,mbrainz_20943,lastFM_12207,Unforgettable Classics,The Classics,"Cline, Patsy",FrÃƒÂ©dÃƒÂ©ric C.,2803,2961.0,"
			","
			"
0,0.785,mbrainz_12781,lastFM_38837,Spirit,Spirit,"Reed, Preston",R. Benson,2743,,"
			",
0,0.777,mbrainz_9944,lastFM_76109,Beyond the Mist,Beyond The Mirror,"Trower, Robin",Beyond The Mirror,2408,,"
			",
0,0.771,mbrainz_25918,lastFM_36720,The Swon Brothers,The Righteous Brothers,"Swon Brothers, The",The Righteous Brothers,2354,,"
			",
0,0.912,mbrainz_28630,lastFM_58127,Millennium,Millennium,"Goodall, Medwyn",Pivit,3155,2419.0,"
			","
			"
0,0.873,mbrainz_14665,lastFM_32123,Butterfly,Butterfly,"Tokey Tones, The",T. Tokey Tones,1901,1430.0,"
			","
			"
0,0.914,mbrainz_4599,lastFM_77880,Hidden Ascension,Hidden Seam,Robedoor,Lisa Knapp,2417,2500.0,"
			","
			"
0,0.798,mbrainz_14588,lastFM_71867,Confessions Remixed,The Confessions ,Madonna,Madonna,2683,3927.0,"
			","
			"
0,0.777,mbrainz_13199,lastFM_73644,The Delgado Brothers,Deadstring Brothers,"Delgado Brothers, The",Deadstring Brothers,2363,2706.0,"
			","
			"
0,0.789,mbrainz_17547,lastFM_35554,The Singles,The Singles,Blessid Union of Souls,Senseless Things,3453,4055.0,"
			","
			"
0,0.877,mbrainz_30379,lastFM_75824,Asking for Trouble, for Trouble,Blow Up Betty (and others),Blow U. Betty,1193,1015.0,"
			","
			"
0,0.727,mbrainz_15438,lastFM_15025,Outside,Outside Looking ,Staind,The Merchant O. Menace,914,1093.0,"
			","
			"
0,0.739,mbrainz_13200,lastFM_31398,Hit Singles,Singles,"Miles, Robert",Fishbone,3761,4522.0,"
			","
			"
0,0.746,mbrainz_15704,lastFM_32536,The Singles Collection 2,The Singles Album,"Bowie, David",Billie Jo Spears,4500,,"
			",
0,0.762,mbrainz_20354,lastFM_52866,Trouble,Trouble,"Kills, Natalia",J. Ylitalo,3233,,"
			",
0,0.733,mbrainz_4818,lastFM_2033,Chrome 01,Chrome Padded ,"Debo, John",DJ Tron,4394,3529.0,"
			","
			"
0,0.766,mbrainz_7282,lastFM_72,The Conjuration by the Fire,The Future Is  Fire,Orne,C. Morgenstern,2900,,"
			",
0,0.753,mbrainz_31275,lastFM_26283,Spirit,Spirit Wind,Reckless Love,David Arkenstone,2782,3097.0,"
			","
			"
0,0.73,mbrainz_30962,lastFM_55559,Colors, Colors,Laleh,W. Marshall,2318,,"
			",
0,0.75,mbrainz_33466,lastFM_75136,Singles,Singles,"Grapes of Wrath, The feat.",Noir F. Rachel,3584,,"
			",
0,0.762,mbrainz_11548,lastFM_69872,Classics,Classics,"Rush, Jennifer",Carpenters,3162,,"
			",
0,0.917,mbrainz_21621,lastFM_54774,The Music Behind the Voice 4 (release),The Music Behind the  5,Matell,Matell,2575,2058.0,"
			","
			"
0,0.875,mbrainz_17474,lastFM_41354,Thought for Food,Thought for Food,Diesel Park West,Diesel P. West,3332,1956.0,"
			","
			"
0,0.784,mbrainz_2419,lastFM_70323,Broken Dog,Album: Broken Cogs,Broken Dog,Broken C.,2364,,"
			",
0,0.922,mbrainz_10944,lastFM_70995,"Glee: The Music, Volume 3: Showstoppers",Glee The Music Presents The Warblers,Glee Cast,Glee Cast,4354,,"
			",
0,0.819,mbrainz_9538,lastFM_20286,New Moon,New Moon,Swallow the Sun,Swallow the Sun,3225,1259.0,"
			","
			"
0,0.783,mbrainz_1274,lastFM_45212,The Future,The Future's What It  To Be,Guy,Apollo 4.,4383,2790.0,"
			","
			"
0,0.795,mbrainz_2432,lastFM_64052,The Singles Collection 03-05,The Singles '67-'78,Piano Overlord,MUD,2677,3652.0,"
			","
			"
0,0.849,mbrainz_30962,lastFM_26553,Colors,Colors That Bleed,Laleh,Spirit o. Youth,2318,1875.0,"
			","
			"
0,0.822,mbrainz_4460,lastFM_78756,Resurrection,Resurrection,Fossils,S. Stories,2416,,"
			",
0,0.907,mbrainz_4700,lastFM_40342,Blackout,Blackout: The Dark Years,Solano,The Deep Eynde,4623,4575.0,"
			","
			"
0,0.915,mbrainz_358,lastFM_14962,Beyond,Beyond the Realm,"Scruff, Mr.",Toxaemia,700,703.0,"
			","
			"
0,0.798,mbrainz_2175,lastFM_53659,Experience,Experience,"Gaynor, Gloria",T. Royal Rasses,2338,,"
			",
0,0.79,mbrainz_11815,lastFM_25395,Infest Exclusive Sampler,Infest Exclusive Sampler,Surgyn,Surgyn,293,890.0,"
			","
			"
0,0.915,mbrainz_14665,lastFM_43829,Butterfly, Butterfly,"Tokey Tones, The",The Sweet Inspirations,1901,,"
			",
0,0.79,mbrainz_315,lastFM_21454,Hears to the Future,The  is the Future,Justice,K. Dakota,2181,3010.0,"
			","
			"
0,0.774,mbrainz_431,lastFM_65857,Still Life in Motion (release),Still ,BT,K. Morby,3342,2248.0,"
			","
			"
0,0.781,mbrainz_512,lastFM_49363,Happiness,Happiness,Fridge,T. Dingles,3567,,"
			",
0,0.867,mbrainz_2012,lastFM_60607,Purple,Purple Mondays,Stone Temple Pilots,Street Politiks,2819,2952.0,"
			","
			"
0,0.898,mbrainz_5095,lastFM_10595,Loves Are Like Empires,Loves Are Like Empires,Glissando,Glissando,2592,4313.0,"
			","
			"
0,0.846,mbrainz_25955,lastFM_60142,Spirit and the Bride,Spirit Inside,Spirit and the Bride,SPIRITS,3687,,"
			",
0,0.791,mbrainz_1990,lastFM_11345,Beyond City Light,Beyond the Apocalypse,"Jenkins, Jon",1349,3777,2628.0,"
			","
			"
0,0.786,mbrainz_24059,lastFM_11345,Beyond the Shell,Beyond the Apocalypse,Odd Crew,1349,4262,2628.0,"
			","
			"
0,0.916,mbrainz_571,lastFM_1255,Temple on Every Street,Temple On Every Street,Doctor L,Doctor L.,4670,3217.0,"
			","
			"
0,0.829,mbrainz_20479,lastFM_47111,Brothers, Brothers,Take 6,Stan Getz,2558,2586.0,"
			","
			"
0,0.789,mbrainz_103,lastFM_1189,Purple EP,The Purple ,"Assault, DJ",Freezepop,755,622.0,"
			","
			"
0,0.952,mbrainz_26514,lastFM_23154,The Lost Tapes,The Lost Tapes 2,"Middleton, XL",Nas,3010,3306.0,"
			","
			"
0,0.902,mbrainz_6492,lastFM_82085,Spiritual Vibes,Spiritual Unity,Ital,S. Noborikawa,4021,3693.0,"
			","
			"
0,0.914,mbrainz_853,lastFM_46703,Nowhere, Nowhere,SIMM,Cowabunga Babes,1241,958.0,"
			","
			"
0,0.825,mbrainz_25776,lastFM_64867,Skyway of Nightmares, Of Nightmares,Dream Theater,Dream Theater,4695,3224.0,"
			","
			"
0,0.875,mbrainz_208,lastFM_44469,Electronic Dub,Electronic  Manshun Being Vol. 1,Electronic Dub,Electronic Utility Manshun Being,4111,3728.0,"
			","
			"
0,0.783,mbrainz_18601,lastFM_567,Beyond the Shadows,Beyond The ,Dark Illusion,DJ Slugo,2958,,"
			",
0,0.802,mbrainz_24470,lastFM_65412,The Lost Tapes,The Lost Tapes,"Legion, The",Blind Legion,4786,,"
			",
0,0.774,mbrainz_5498,lastFM_42181,Pure Garage Classics,Early Classics,"EZ, DJ feat.",Marvin G.,3354,2852.0,"
			","
			"
0,0.821,mbrainz_18501,lastFM_17320,Visions of Time,Visions,Vinder,Diverted,2569,,"
			",
0,0.871,mbrainz_1676,lastFM_61737,Dangerous Thought,Dangerous,Yendri,Izly,3031,3749.0,"
			","
			"
0,0.795,mbrainz_10944,lastFM_74272,"Glee: The Music, Volume 3: Showstoppers","- new - Glee: The Music, Season 4 Volume 1 From Lima To New York",Glee Cast,Glee Cast,4354,,"
			",
0,0.794,mbrainz_10786,lastFM_55559,Colors, Colors,"Lee, Amos",W. Marshall,408,,"
			",
0,0.771,mbrainz_10596,lastFM_41254,Visions of Light,Visions,Iron Thrones,Robert O.,3210,,"
			",
0,0.854,mbrainz_31759,lastFM_78998,Butterfly,Butterfly,Special EFX,Special E.,3431,6493.0,"
			","
			"
0,1.0,mbrainz_9350,lastFM_19870,Platforma EP,Platforma EP,Polar Lights (and others),Polar Lights,0,3437.0,"
			","
			"
0,0.871,mbrainz_8147,lastFM_17430,Moroccan Spirit,Moroccan S. -  Moroccan Spirit,Moroccan Spirit,Moroccan S.,3448,2937.0,"
			","
			"
0,0.812,mbrainz_5479,lastFM_71615,Broken Sun EP,Broken Land Bell,Frequent C,T. Wiyos,1420,2028.0,"
			","
			"
0,0.805,mbrainz_15808,lastFM_51619,Beyond the Lightless Sky,Beyond The Cloudline,Hull,Daevine,3397,2402.0,"
			","
			"
0,0.797,mbrainz_16231,lastFM_37119,Original Album Classics,Original Album Classics,Social Distortion,Social Distortion,2793,8140.0,"
			","
			"
0,0.773,mbrainz_28187,lastFM_70510,Double Trouble,- new - Double Trouble,"Rush, Otis",Otis Rush,2209,1244.0,"
			","
			"
0,0.78,mbrainz_10415,lastFM_17326,Get Ready,Get Ready,"Curtis, King",W. Steding,1703,,"
			",
0,0.909,mbrainz_11744,lastFM_83403,MTV Unplugged,Unplugged,"Lennox, Annie",ÃÅ“ÃÂ°Ã‘â‚¬ÃÂ°,3447,3696.0,"
			","
			"
0,0.832,mbrainz_9716,lastFM_20690,Paper Monsters Remixes,Dave Gahan -  Paper Monsters Remixes,"Gahan, Dave",Dave Gahan,3341,2609.0,"
			","
			"
0,0.917,mbrainz_8645,lastFM_18420,Die Mutter wÃ¤hlt das Todtenkleidchen,Die Mutter  das Todtenkleidchen,Gnaw Their Tongues,Gnaw Their Tongues,1810,1416.0,"
			","
			"
0,0.889,mbrainz_3708,lastFM_7721,Blackout (album),Blackout,X-Fusion,X-Fusion,2339,1637.0,"
			","
			"
0,0.819,mbrainz_1332,lastFM_56213,Sunrise, Sunrise,Circle feat.,Farace,3778,,"
			",
0,0.804,mbrainz_8203,lastFM_64460,Elephant Mountain,Elephant King,"Youngbloods, The",T. Bundy,2385,2318.0,"
			","
			"
0,0.812,mbrainz_15808,lastFM_19022,Beyond the Lightless Sky,Beyond the Gates of Insanity,Hull,DarkTRANCE,3397,2465.0,"
			","
			"
0,0.784,mbrainz_5542,lastFM_50313,Immersion,Immersion,Mephisto Walz,Mekha,2836,,"
			",
0,0.878,mbrainz_21265,lastFM_59307,Outside,Outside The ,CFCF,Somewhere I. England,3121,3939.0,"
			","
			"
0,0.888,mbrainz_430,lastFM_65221,Electronic Dream,electronic broadcasts,Exzakt,b o d y l i n e,935,1067.0,"
			","
			"
0,0.787,mbrainz_11728,lastFM_8266,...Visions of Decadence, Visions EP,Funeral Veil,E. Laville,1196,1283.0,"
			","
			"
0,0.888,mbrainz_13502,lastFM_29209,Sanity Funeral,Sanity funeral,Nauthisuruz,Nauthisuruz,2545,1454.0,"
			","
			"
0,0.831,mbrainz_14040,lastFM_23962,Beyond the Black,Beyond Pink,No North,RubyBlue,2326,1871.0,"
			","
			"
0,0.88,mbrainz_371,lastFM_699,Goblin 101,Goblin 101,MAT101,MAT101,539,294.0,"
			","
			"
0,0.773,mbrainz_20864,lastFM_20049,The Singles Collection,Good Energy: A Singles Collection,Chicory Tip,RSD,3888,3735.0,"
			","
			"
0,0.999,mbrainz_21119,lastFM_53393,Funeral Crawl,Funeral Crawl,Creeping feat.,Creeping,2691,2680.0,"
			","
			"
0,0.952,mbrainz_25997,lastFM_65388,Diorama Teatrikal Pembantaian,Diorama  Pembantaian,Interfectorment,Interfectorment,1052,1058.0,"
			","
			"
0,0.775,mbrainz_7957,lastFM_74550,The Sutherland Brothers Band (release),The Blues Brothers (original soundtrack recording),"Sutherland Brothers Band, The",The Blues Brothers,2410,,"
			",
0,0.816,mbrainz_25398,lastFM_6158,Singles,Singles,"Martin, Dean",Broder Daniel,3279,3665.0,"
			","
			"
0,0.887,mbrainz_22966,lastFM_198,Damnation, Damnation,"Baboon Show, The",Wicked,1622,1148.0,"
			","
			"
0,0.845,mbrainz_3613,lastFM_7536,Suburban Anxiety Nightmares,Suburban Anxiety Nightmares,Faux Pride,F. Pride,2287,1324.0,"
			","
			"
0,0.793,mbrainz_5880,lastFM_83169,Voodoo,Voodoo,Movetron,Namito,1322,,"
			",
0,0.77,mbrainz_1910,lastFM_68107,Judgement,Judgement ,"Grey Wolves, The",Turbo Belly,3236,3015.0,"
			","
			"
0,0.947,mbrainz_10128,lastFM_59007,Double Trouble,DOUBLE TROUBLE DELUXXXE,Coyote Clean UP,Coyote Clean U.,4544,,"
			",
0,0.783,mbrainz_33241,lastFM_18462,Unplugged, Unplugged EP,Wirtz,Maxwell,3209,1743.0,"
			","
			"
0,0.836,mbrainz_4826,lastFM_5740,Elephant,Elephant Eyelash,Pele,Why?,3268,2374.0,"
			","
			"
0,0.796,mbrainz_19124,lastFM_30289,The Singles Collection,The Independent Punk  Collection,Styx,A. Upstarts,3653,2749.0,"
			","
			"
0,0.832,mbrainz_12116,lastFM_82936,Contraband,Contraband,Madcon,Diction D.,2520,,"
			",
0,0.905,mbrainz_1687,lastFM_3875,The Light Beyond,The Light Beyond,"Pearce, Jeff feat.",J. Pearce,3482,3482.0,"
			","
			"
0,0.934,mbrainz_6884,lastFM_76688,Resurrection (Remixes) (release),Resurrection ,Medway,Medway,0,1061.0,"
			","
			"
0,0.801,mbrainz_13200,lastFM_66885,Hit Singles,The Singles,"Miles, Robert",Demis Roussos,3761,3860.0,"
			","
			"
0,0.99,mbrainz_3873,lastFM_8050,Homesleep Singles Club 10,Homesleep Singles Club ,Quickspace,Quickspace,291,291.0,"
			","
			"
0,0.783,mbrainz_2082,lastFM_83530,The Future of War,The Future Of Communication,Atari Teenage Riot,VCS2600,2629,1626.0,"
			","
			"
0,0.883,mbrainz_20817,lastFM_52468,Simple Things (album),Simple ,"Perry, Jarell",Jarell P.,2684,,"
			",
0,0.819,mbrainz_4346,lastFM_51836,Confessions,Album: Confessions Of Fire (CLEAN VERSION),"Zappa, Dweezil",Cam'ron,4361,4171.0,"
			","
			"
0,0.773,mbrainz_943,lastFM_2186,Without You Iâ€™m Nothing,Without You I'm Nothing,Placebo,Placebo,1273,4025.0,"
			","
			"
0,0.778,mbrainz_2056,lastFM_23702,Analogue Waves,Analogue Storm,"Omega Syndicate, The",Jon the Dentist,4533,,"
			",
0,0.817,mbrainz_2101,lastFM_20810,Tragedy,Tragedy,Tragedy,Argent,2014,,"
			",
0,0.779,mbrainz_8082,lastFM_51395,California Man,California ,"Move, The",Stevie Ann,2696,2548.0,"
			","
			"
0,0.897,mbrainz_8376,lastFM_11345,Beyond the Reef,Beyond the Apocalypse,"Merrill, Buddy",1349,2478,2628.0,"
			","
			"
0,0.969,mbrainz_7917,lastFM_16887,One Foot in the Grave,One Foot In The Grave,Beck,Beck,4362,3751.0,"
			","
			"
0,0.801,mbrainz_12389,lastFM_20254,Absence in Mind,Absence With Out ,"Aarum, Anders Trio",Carl Anderson,2601,2051.0,"
			","
			"
0,0.826,mbrainz_11547,lastFM_76732,The Best of the Isley Brothers,The Best Of The  Brothers,"Isley Brothers, The",The Delmore Brothers,1602,,"
			",
0,0.832,mbrainz_10,lastFM_38950,Contrax / All Mighty,Contrax (Remixes),Decorum,Decorum,779,,"
			",
0,0.878,mbrainz_17086,lastFM_63634,Continuum Sonore,Continuum Sonore Part 714,Maninkari,Maninkari,3258,2028.0,"
			","
			"
0,0.816,mbrainz_6621,lastFM_71516,Trilogy of the Night,Trilogy,YWOLF,Carpenter B.,3217,4455.0,"
			","
			"
0,1.0,mbrainz_31697,lastFM_78843,Goblin King,Goblin King,King Goblin (and others),King Goblin,0,2600.0,"
			","
			"
0,1.0,mbrainz_8936,lastFM_19022,Beyond the Gates of Insanity,Beyond the Gates of Insanity,Darktrance,DarkTRANCE,0,2465.0,"
			","
			"
0,0.782,mbrainz_835,lastFM_64618,Electronic Music From the Swedish Leftcoast,From The Sublime To The Obscene,Plej,D.U.S.T.,2731,2803.0,"
			","
			"
0,0.937,mbrainz_13255,lastFM_73880,"Glee: The Music, Volume 5","Glee: The Music, Season One,  2",Glee Cast,Glee Cast,3409,,"
			",
0,0.862,mbrainz_1129,lastFM_10282,Surrender,Surrender,Working Week,Wingmen,2461,,"
			",
0,0.854,mbrainz_2549,lastFM_31076,MTV Unplugged,Unplugged,KISS,Seal,3399,2647.0,"
			","
			"
0,0.958,mbrainz_27564,lastFM_69064,It's a Puzzle,It's A Puzzle,Trout Fishing in America (and others),Trout Fishing i. America,2049,1725.0,"
			","
			"
0,0.772,mbrainz_4818,lastFM_9975,Chrome 01,Chrome ,"Debo, John",John Debo,4394,4462.0,"
			","
			"
0,0.805,mbrainz_19124,lastFM_35300,The Singles Collection,Hit  Collection,Styx,Deep Forest,3653,3468.0,"
			","
			"
0,0.799,mbrainz_26063,lastFM_11345,Beyond Fate,Beyond the Apocalypse,Die Pretty,1349,3752,2628.0,"
			","
			"
0,0.854,mbrainz_381,lastFM_20132,Unplugged,MTV Unplugged,Beroshima,Katy Perry,1384,1778.0,"
			","
			"
0,0.782,mbrainz_13231,lastFM_63547,The Dance of Death,The Empires Of Death,"Scaramanga Six, The",4Arm,2675,2577.0,"
			","
			"
0,0.815,mbrainz_26137,lastFM_65814,Beyond,Beyond ,"Redman, Joshua",Judas Priest,4427,,"
			",
0,0.896,mbrainz_14967,lastFM_2479,Electronic Dream,Electronic Ethnology,AraabMuzik,NetSlov,3549,3743.0,"
			","
			"
0,0.806,mbrainz_19066,lastFM_6028,New Party Classics, Funk Classics,"Last, James",James Brown,3443,3086.0,"
			","
			"
0,0.785,mbrainz_10025,lastFM_57570,Beautiful Anxiety,Beautiful Garbage,"Rissanen, Aki",Garbage,2733,2545.0,"
			","
			"
0,0.829,mbrainz_295,lastFM_35162,Outside,Outside Are the Vultures,Omar,C. System,1200,1544.0,"
			","
			"
0,0.774,mbrainz_16736,lastFM_9708,Music Box (album),Album: Blackout,Hybrid,Solano,4737,4613.0,"
			","
			"
0,0.93,mbrainz_5358,lastFM_11224,Stella Obscura,Stella Obscura,Opera Multi Steel,OPERA MULTI STEEL,4142,2947.0,"
			","
			"
0,0.783,mbrainz_4617,lastFM_31945,Confessions,Album: Confessions Remixed,Usher,Madonna,3631,2686.0,"
			","
			"
0,0.854,mbrainz_5594,lastFM_48496,Eidetic Visions,Immaterial Visions,Xurba,The KVB,1733,1695.0,"
			","
			"
0,0.996,mbrainz_12120,lastFM_67783,Out of Time,Out of Time,Metus,O. Book,2731,2702.0,"
			","
			"
0,0.885,mbrainz_15910,lastFM_55694,Spiritual People,Spiritual ,Speech,I. Visions,3324,3977.0,"
			","
			"
0,0.924,mbrainz_17001,lastFM_39737,Supernatural,Supernatural,Tiger Milk,Tiger Milk,2850,1960.0,"
			","
			"
0,0.926,mbrainz_2328,lastFM_5023,Electric Voodooland,Electric Voodooland,Ex-Centric Sound System,Ex-Centric S. System,3859,5113.0,"
			","
			"
0,0.907,mbrainz_13229,lastFM_37398,California Years,California,"Sobule, Jill",Speedtwinn,2965,3392.0,"
			","
			"
0,0.782,mbrainz_6083,lastFM_12800,The Music Machine!,The  Machine!,Ruckus Roboticus,R. Roboticus,3603,5486.0,"
			","
			"
0,0.735,mbrainz_27071,lastFM_54774,The Music of Irving Berlin,The Music Behind the  5,"Black, Stanley",Matell,2216,2058.0,"
			","
			"
0,0.745,mbrainz_22914,lastFM_24612,Spirit Is Nothingness EP,Spirit  The System,Voidloss feat.,T. Qemists,1558,1586.0,"
			","
			"
0,0.73,mbrainz_18079,lastFM_68122,Beyond the End,Beyond These ,"Energies, The",Permanent C. Light,872,,"
			",
0,0.742,mbrainz_12781,lastFM_21006,Spirit,Spirit And ,"Reed, Preston",The Rambelins,2743,2401.0,"
			","
			"
0,0.75,mbrainz_3907,lastFM_575,Blackout,Blackout,Black Time (and others),L. Louis,2042,,"
			",
0,0.737,mbrainz_9120,lastFM_1556,Real Combo Lisbonense (album),Album: Universal Nation (Millennium Mixes),Real Combo Lisbonense,PUSH,1077,1201.0,"
			","
			"
0,0.744,mbrainz_1552,lastFM_34906,Visions (release),Visions,"Severin, Steven",Bunky Green,2609,2475.0,"
			","
			"
0,0.729,mbrainz_24365,lastFM_12376,Inside Basie Outside,Inside  Future,"Basie, Count",Trenchmouth,2068,,"
			",
0,0.742,mbrainz_6621,lastFM_46871,Trilogy of the Night,Voices From The Eternal Night,YWOLF,Atra Vetosus,3217,2439.0,"
			","
			"
0,0.738,mbrainz_17876,lastFM_27790,Spiritual Sirius,Spiritual Sci-Fi,Posession,K. Weisman,2323,2048.0,"
			","
			"
0,0.788,mbrainz_19066,lastFM_12207,New Party Classics,The Classics,"Last, James",FrÃƒÂ©dÃƒÂ©ric C.,3443,2961.0,"
			","
			"
0,0.964,mbrainz_23433,lastFM_59449,All Your Chicks Are Belong to Us,All Your Chicks Are Belong to Us,Droids Attack,Droids Attack,2636,2217.0,"
			","
			"
0,0.894,mbrainz_9620,lastFM_79215,Fallen Angel,Fallen,Ð›Ð¸ÐºÐ°,Burzum,3231,2851.0,"
			","
			"
0,0.807,mbrainz_23843,lastFM_32281,Chrome Daddies,Chrome Locust,Chrome Daddies,Chrome Locust,2622,1847.0,"
			","
			"
0,0.879,mbrainz_13945,lastFM_30289,The Independent Punk Singles Collection,The Independent Punk  Collection,Angelic Upstarts,A. Upstarts,3359,2749.0,"
			","
			"
0,0.818,mbrainz_24150,lastFM_61153,Rise of the Damnation Army (United World Rebellion: Chapter 2),Skid Row -  Rise of the Damnation Army (United World Rebellion: Chapter 2),Skid Row,Skid Row,1715,1000.0,"
			","
			"
0,0.813,mbrainz_26584,lastFM_66647,Congratulations,Album: Congratulations,"Staton, Dakota",Dakota Staton,4082,2435.0,"
			","
			"
0,0.825,mbrainz_21257,lastFM_26460,Spirit Returns,Spirit,Goanna,C. KultÃƒÂ¼r,4340,3135.0,"
			","
			"
0,0.797,mbrainz_20081,lastFM_50546,Debonair Gentlemen,Debonair Gentlemen,"Afghan Whigs, The",T. Afghan Whigs,4653,2777.0,"
			","
			"
0,0.876,mbrainz_5574,lastFM_76109,Beyond the Blue,Beyond The Mirror,Beyond the Blue,Beyond The Mirror,2624,,"
			",
0,0.774,mbrainz_32672,lastFM_56540,Echoes of the Spirit Still Dwell,Behold the Spirit,Spoken,William T.,3016,3066.0,"
			","
			"
0,0.95,mbrainz_11253,lastFM_24136,Out of Time,Out Of Time,NewIslands,Newislands,2563,2015.0,"
			","
			"
0,0.778,mbrainz_14672,lastFM_32142,Influence of Outside Systems,Occurrences i. Rain -  Influence of Outside Systems,Occurrences in Rain,Occurrences i. Rain,3442,2132.0,"
			","
			"
0,0.889,mbrainz_17392,lastFM_14309,Fall of the Plastic Empire,Fall of the Plastic Empire,Burning Brides,Burning Brides,2189,3816.0,"
			","
			"
0,0.883,mbrainz_4644,lastFM_18811,Beyond E,Beyond the dream,Substanz T,Fellirium,3676,3126.0,"
			","
			"
0,0.789,mbrainz_13427,lastFM_29038,Armin Only - Imagine: The Music,Armin Only - Imagine: The Music,"Buuren, van, Armin",Armin van Buuren,6962,19454.0,"
			","
			"
0,0.926,mbrainz_13703,lastFM_73880,Glee: The Music Presents The Warblers,"Glee: The Music, Season One,  2",Glee Cast,Glee Cast,2504,,"
			",
0,0.889,mbrainz_2114,lastFM_63682,Electronic Pinups,Electronic Bands,"MÃ¼ller, Sascha",Atix,1002,1193.0,"
			","
			"
0,0.821,mbrainz_1314,lastFM_28771,Daydream,Daydream ,I Monster,The Monkees,0,,"
			",
0,0.797,mbrainz_2870,lastFM_62689,Broken Wings: The Encore Collection,Broken ,Mr. Mister,T. Figments,2869,2966.0,"
			","
			"
0,0.855,mbrainz_9319,lastFM_9373,Fearless Devices,Fearless,"Kennedy, Inigo",Lamat,1238,1593.0,"
			","
			"
0,0.973,mbrainz_2549,lastFM_51100,MTV Unplugged,MTV Unplugged,KISS,B. Adams,3399,3139.0,"
			","
			"
0,0.867,mbrainz_4556,lastFM_11345,Beyond,Beyond the Apocalypse,Dinosaur Jr.,1349,2967,2628.0,"
			","
			"
0,0.854,mbrainz_23238,lastFM_66262,Broken Shoulderrr,Broken Social Scene,Broken Shoulder,Broken Social S.,2711,3148.0,"
			","
			"
0,0.751,mbrainz_3645,lastFM_22021,Joyrider,Joyrider!,Flexitones,Corn Dollies,4057,,"
			",
0,0.729,mbrainz_19630,lastFM_13414,Beyond the Darkest Veils of Inner Wickedness,Back And Beyond - The Early Years,Therion,The Keytones,1077,,"
			",
0,0.739,mbrainz_12967,lastFM_27952,Reverence and Compassion, and Compassion,"Jackson, Milt feat.",M. Jackson,3687,3794.0,"
			","
			"
0,0.748,mbrainz_5464,lastFM_28587,California Soul,California,Tamba 4,Akia,0,416.0,"
			","
			"
0,0.745,mbrainz_5019,lastFM_71139,Breakaway,Breakaway,"Day, Inaya",William Truckaway,2300,,"
			",
0,0.729,mbrainz_14711,lastFM_44713,Visions of Eden,Visions De L'Amen,Virgin Steele,Olivier Messiaen,4783,2897.0,"
			","
			"
0,0.732,mbrainz_317,lastFM_8572,Beyond Digits,Beyond Sci-Fi,Current Value,Double S.,3816,3624.0,"
			","
			"
0,0.755,mbrainz_11274,lastFM_7392,Nation's Spirit,In The Spirit,"Ifargan, Somy",Ann Nesby,3294,3295.0,"
			","
			"
0,0.743,mbrainz_18332,lastFM_18252,Singles Collection,Singles Collection,One Way System,INXS,4559,,"
			",
0,0.734,mbrainz_6490,lastFM_63068,Beyond the Permafrost,Beyond Time,Skeletonwitch,Aeonics,2179,,"
			",
0,0.853,mbrainz_20300,lastFM_44146,"Glee: The Music: The Christmas Album, Volume 2","Glee: The Music, Season 4 Volume 1 From Lima To New York",Glee Cast,G. Cast,2475,,"
			",
0,0.87,mbrainz_12092,lastFM_26050,Electronic World,Electronic ,Kink Gong,K. Gong,3586,3586.0,"
			","
			"
0,0.833,mbrainz_21182,lastFM_1241,The Music of Your Life (release),the music that i live,Zuzu's Petals,Marcho,2046,1744.0,"
			","
			"
0,0.796,mbrainz_4154,lastFM_5048,Decontrol: The Singles,The Clay Punk Singles Collection,Discharge,Discharge,2644,2734.0,"
			","
			"
0,0.786,mbrainz_142,lastFM_22137,Chrome Feather Future,Chrome,Reptilica,Nangdo,2137,1427.0,"
			","
			"
0,0.951,mbrainz_17784,lastFM_42439,The Funeral Domine,The Funeral Domine,Maligno,Maligno,2492,1965.0,"
			","
			"
0,0.821,mbrainz_7080,lastFM_17754,Electronic Battle Weapon 10 (orig.),Electronic,"Chemical Brothers, The",DJF,495,374.0,"
			","
			"
0,0.883,mbrainz_7732,lastFM_16500,Metals,Metals,"Mueller, Jon",J. Mueller,2006,1313.0,"
			","
			"
0,0.791,mbrainz_509,lastFM_14301,Nowhere,Nowhere,Pantha du Prince,Northern Lite,1661,,"
			",
0,0.792,mbrainz_21595,lastFM_66016,Beyond The Sun,Beyond The Flames,"MacKenzie, Billy",Killswitch Engage,2635,,"
			",
0,0.909,mbrainz_13861,lastFM_1041,Life Outside the Toybox,Life From The Outside,Justifide,Bloq,3041,2983.0,"
			","
			"
0,0.783,mbrainz_16275,lastFM_37289,Chrome Matrix,Chrome Matrix,Superheist,Superheist,1877,591.0,"
			","
			"
0,0.77,mbrainz_11333,lastFM_2054,The Music,the music of sound,Blame,Binary,3733,3628.0,"
			","
			"
0,0.778,mbrainz_2422,lastFM_74815,Blackout,Blackout,"Koletzki, Oliver",Joton,0,,"
			",
0,0.797,mbrainz_19497,lastFM_59374,Supernatural,Supernatural,"Melero, Daniel",Li-Polymer,1935,,"
			",
0,0.779,mbrainz_1194,lastFM_1234,Electronica for Lovers,Electronica,Das Pop,DJ Trippy,0,2957.0,"
			","
			"
0,0.886,mbrainz_4543,lastFM_9367,Homesickness,*popular* Homesickness,You Fantastic!,You Fantastic!,4167,3416.0,"
			","
			"
0,0.771,mbrainz_11153,lastFM_64046,Singles Collection '99,Singles,Rammstein,Dean Martin,4067,3280.0,"
			","
			"
0,0.772,mbrainz_13911,lastFM_63647,Worlds Apart,Worlds Apart,Silent Force,Soleil M.,3474,,"
			",
0,0.848,mbrainz_2150,lastFM_4666,Wonder If the Snow Will Settle,Wonder if the Snow Will Settle,Clearlake,Clearlake,1210,557.0,"
			","
			"
0,0.863,mbrainz_24494,lastFM_49465,Los Angeles Police Department,Los Angeles,Los Angeles Police Department,LOS ANGELES,1475,1801.0,"
			","
			"
0,0.776,mbrainz_6258,lastFM_66846,Sunrise,SUNRISE,Eire Apparent,E. Carmen,2488,,"
			",
0,0.863,mbrainz_30098,lastFM_22977,Hidden Ceilings (release),Hidden Gems,Severence,O.C.,4329,3922.0,"
			","
			"
0,0.949,mbrainz_4867,lastFM_63954,Black Metal War,Black Metal,Warage,D. Blunt,2372,2487.0,"
			","
			"
0,0.92,mbrainz_1739,lastFM_74736,Deep Purple,Deep Purple -  ...To The Rising Sun (In Tokyo),Deep Purple,Deep Purple,2670,,"
			",
0,0.796,mbrainz_9848,lastFM_20983,Melkstraat Confessions,Melkstraat Confessions,"Blohm, Jan",J. Blohm,2102,1627.0,"
			","
			"
0,0.798,mbrainz_8399,lastFM_23989,MTV Unplugged in New York,Unplugged ,Sportfreunde Stiller (and others),ÃÂ¢ÃÂ°Ã‘â‚¬ÃÂ°ÃÂºÃÂ°ÃÂ½Ã‘â€¹!,2751,2253.0,"
			","
			"
0,0.782,mbrainz_18311,lastFM_44953,Oceanic EP,Oceanic EP,Nookie,Renset,957,878.0,"
			","
			"
0,0.934,mbrainz_22699,lastFM_57572,Hyacinthus Orientalis of Purple,Hyacinthus  of Purple,Hollow Jan,Hollow J.,1078,1078.0,"
			","
			"
0,0.926,mbrainz_5205,lastFM_10849,Blood Brothers, Brothers,Rose Tattoo,Rose Tattoo,2453,2508.0,"
			","
			"
0,0.997,mbrainz_16498,lastFM_38087,Hummingbird,Hummingbird,Imaginary Cities (and others),Imaginary Cities,573,581.0,"
			","
			"
0,0.769,mbrainz_30489,lastFM_25719,Visions,Visions,Gandalf,Ganelin Trio Priority,2549,,"
			",
0,0.948,mbrainz_23213,lastFM_58877,I Surrender, Surrender,"Day, Arlan",Arlan D.,216,216.0,"
			","
			"
0,0.861,mbrainz_23843,lastFM_13642,Chrome Daddies,Chrome,Chrome Daddies,Chromium,2622,,"
			",
0,0.823,mbrainz_11775,lastFM_71328,Beyond the Valley...,Beyond  Labyrinth,"Queers, The feat.",Quest for Serenity,1966,2389.0,"
			","
			"
0,0.786,mbrainz_13347,lastFM_5748,Outside,Outside  Inside,Tapes 'n Tapes,Flies on Fire,2663,2470.0,"
			","
			"
0,0.907,mbrainz_12009,lastFM_23989,Unplugged 139,Unplugged ,Mistonocivo,ÃÂ¢ÃÂ°Ã‘â‚¬ÃÂ°ÃÂºÃÂ°ÃÂ½Ã‘â€¹!,1918,2253.0,"
			","
			"
0,0.787,mbrainz_6585,lastFM_31398,Singles!,Singles,Hardâ€?Ons,Fishbone,4597,4522.0,"
			","
			"
0,0.771,mbrainz_7223,lastFM_654,The Black and White Album (orig.), Black Album,ZÃ¨bra,L.S.G.,3075,3212.0,"
			","
			"
0,0.901,mbrainz_18689,lastFM_45626,Thee Psychick Sacrifice,thee  sacrifice,Throbbing Gristle,Throbbing G.,0,1493.0,"
			","
			"
0,0.862,mbrainz_26566,lastFM_11345,Beyond the Darkness Within,Beyond the Apocalypse,Summer Dying,1349,2817,2628.0,"
			","
			"
0,0.818,mbrainz_25605,lastFM_24333,Golden Classics,Golden Classics,"Playmates, The",People's C.,1823,1920.0,"
			","
			"
0,0.883,mbrainz_11534,lastFM_24718,MASS OF THE FERMENTING DREGS,Mass Of The Fermenting Dregs,MASS OF THE FERMENTING DREGS,MASS O. THE FERMENTING DREGS,1800,1069.0,"
			","
			"
0,0.84,mbrainz_8320,lastFM_69458,MTV Unplugged in New York,Unplugged,Nirvana,Nirvana,3230,2231.0,"
			","
			"
0,0.824,mbrainz_17763,lastFM_58729,Empire of the Obscene,Empire,Revocation,TB4Q,3348,2560.0,"
			","
			"
0,0.787,mbrainz_3651,lastFM_24713,Black Market Music Remix Sampler,More Black Market Music,Placebo,Placebo,2032,3348.0,"
			","
			"
0,0.787,mbrainz_19665,lastFM_45074,Long Way Down,Long Way Down,"Odell, Tom",Hellsonics,2133,,"
			",
0,0.996,mbrainz_11730,lastFM_25183,The Inevitable Past Is the Future Forgotten,The Inevitable Past Is The Future Forgotten,Three Mile Pilot feat.,Three Mile Pilot,3194,3141.0,"
			","
			"
0,0.852,mbrainz_13883,lastFM_30133,Donuts With Buddah,Album: Donuts With Buddah,EBOMAN,Eboman,3799,2865.0,"
			","
			"
0,0.784,mbrainz_5845,lastFM_51395,California Ax,California ,Sissy Spacek,Stevie Ann,2635,2548.0,"
			","
			"
0,0.774,mbrainz_6351,lastFM_48770,Enter the Woods,Deep in the Woods,Zion I,Dahu,1100,799.0,"
			","
			"
0,0.892,mbrainz_6386,lastFM_13472,Les Singles 1972-1994, singles 1972-1994,"Chamfort, Alain",Alain Chamfort,4132,3218.0,"
			","
			"
0,0.962,mbrainz_14174,lastFM_80919,Unknown Mortal Orchestra,Unknown Mortal Orchestra -  Multi-Love,Unknown Mortal Orchestra,Unknown Mortal Orchestra,1809,0.0,"
			",
0,0.897,mbrainz_19317,lastFM_11345,Beyond Reality,Beyond the Apocalypse,Fatal Smile,1349,2598,2628.0,"
			","
			"
0,0.781,mbrainz_27665,lastFM_77963,Broken Melody,Broken ,Angel of Disease,Goldie,1675,,"
			",
0,0.775,mbrainz_8759,lastFM_60224,Spirit of Rumi,Spirit,Vision II feat.,Beatfarmer,2384,3958.0,"
			","
			"
0,0.793,mbrainz_12781,lastFM_19525,Spirit, Spirit,"Reed, Preston",Hudson-Ford,2743,,"
			",
0,0.794,mbrainz_13383,lastFM_38300,Trilogy EP,Trilogy,EELS,"Emerson, Lake ",629,,"
			",
0,0.893,mbrainz_14967,lastFM_70930,Electronic Dream,Electronic Dream 2,AraabMuzik,araabMUZIK,3549,2166.0,"
			","
			"
0,0.828,mbrainz_3286,lastFM_15506,Singles 1989-1991,Singles 1963-1965,"Wedding Present, The (and others)",The Rolling Stones,3424,4917.0,"
			","
			"
0,0.769,mbrainz_47,lastFM_78859,Beyond the Ozone EP,Beyond the Grave EP,Aubrey,Rezurex,0,,"
			",
0,0.962,mbrainz_12720,lastFM_27405,Spirit Stories,Spirit Stories,Joolz,Joolz,2753,2292.0,"
			","
			"
0,0.82,mbrainz_4145,lastFM_8592,MUTEMATH,MuteMath,MUTEMATH (and others),Mutemath,1556,3974.0,"
			","
			"
0,0.79,mbrainz_28368,lastFM_26050,Electronic Dream 2,Electronic ,AraabMuzik,K. Gong,2166,3586.0,"
			","
			"
0,0.802,mbrainz_21750,lastFM_8853,Beyond,Beyond Good And Evil,"Joseph, William",ATMA,3022,4300.0,"
			","
			"
0,0.845,mbrainz_10253,lastFM_76109,Beyond the Dune Sea,Beyond The Mirror,Beyond the Dune Sea,Beyond The Mirror,1681,,"
			",
0,0.772,mbrainz_15752,lastFM_29448,Nocturne,Nocturne,"Collier, Soetkin",O. Mechanicks,2595,,"
			",
0,0.845,mbrainz_3409,lastFM_7151,The Fool Cool Vibes,The Fool  Vibes,"Fool Cool Jazz Orchestra, The",The Fool Cool Jazz Orchestra,3216,2474.0,"
			","
			"
0,0.801,mbrainz_13383,lastFM_78388,Trilogy EP,Trilogy,EELS,"Emerson, Lake .",629,,"
			",
0,0.816,mbrainz_20199,lastFM_67191,When the Music's Loud, the Music,Colette,V. Juris,2935,2912.0,"
			","
			"
0,0.789,mbrainz_4296,lastFM_56226,Butterfly, butterfly,Screaming Trees,Russell Malone,1240,,"
			",
0,0.77,mbrainz_15891,lastFM_36779,Surrender,Surrender,"Taylor, Roger",S. Trainer,775,,"
			",
0,0.881,mbrainz_14413,lastFM_31506,Into Outside, Outside,High the Moon,High the Moon,2334,2124.0,"
			","
			"
0,0.791,mbrainz_1,lastFM_28992,Fermats Theorem / Sight Beyond,Pressure 2004  Sight Beyond 2004,John B,John B,1055,,"
			",
0,0.781,mbrainz_14854,lastFM_30819,MTV Unplugged,Unplugged,"Martin, Ricky (and others)",Green Day,3429,3422.0,"
			","
			"
0,0.939,mbrainz_5123,lastFM_10647,Chronicles: Death Row Classics,Chronicles: Death Row Classics,"Dre, Dr.",Dr. Dre,3662,2726.0,"
			","
			"
0,0.804,mbrainz_12833,lastFM_27646,A Cabinet of Curiosities,A Cabinet of Curiosities,Janeâ€™s Addiction,Jane's Addiction,4564,11731.0,"
			","
			"
0,0.864,mbrainz_13804,lastFM_36760,Call Your Girlfriend: Remixes,*popular* Call Your Girlfriend,Robyn,Robyn,1307,1307.0,"
			","
			"
0,0.806,mbrainz_20300,lastFM_29702,"Glee: The Music: The Christmas Album, Volume 2",Glee: The  Presents The Warblers,Glee Cast,G. Cast,2475,2502.0,"
			","
			"
0,0.8,mbrainz_3743,lastFM_54797,Out of Time,Out of time,Bleeders,Killer of Sheep,318,345.0,"
			","
			"
0,0.85,mbrainz_745,lastFM_71098,Beyond the Darkness,Beyond Jipangu,Meat Katie,Opolopo,4597,4146.0,"
			","
			"
0,0.842,mbrainz_23870,lastFM_61082,The Deep Purple Collection (release),Deepest Purple,Deep Purple,Deep Purple,2826,,"
			",
0,0.784,mbrainz_8158,lastFM_53101,Visions,Visions of Burning Aeons,Dan Pinto,Aeon Aphelion,2272,2860.0,"
			","
			"
0,0.784,mbrainz_11178,lastFM_31850,Unplugged Unlimited, Unplugged EP,Tarakany,Mariah Carey,2447,,"
			",
0,0.83,mbrainz_1334,lastFM_14591,Ascension,Ascension Side ,Pep Love,P. Love,4428,2666.0,"
			","
			"
0,0.877,mbrainz_853,lastFM_1117,Nowhere,Nowhere,SIMM,Pantha du Prince,1241,1812.0,"
			","
			"
0,0.953,mbrainz_2341,lastFM_5048,The Clay Punk Singles Collection,The Clay Punk Singles Collection,Discharge,Discharge,3424,2734.0,"
			","
			"
0,0.855,mbrainz_5053,lastFM_10164,Inside Outside,It's  Outside,Jash,Roborobika,1238,1416.0,"
			","
			"
0,0.842,mbrainz_3829,lastFM_81264,The Walker Brothers Collection,The Anger Brothers,"Walker Brothers, The",The Anger Brothers,3330,2062.0,"
			","
			"
0,0.912,mbrainz_18169,lastFM_51053,Cage the Songbird / Nobody Wants to Be Alone,Cage  Songbird,"Gayle, Crystal",Crystal G.,3991,3990.0,"
			","
			"
0,0.771,mbrainz_1135,lastFM_36665,California Love,- new - California Life,2Pac (and others),T. Killingtons,1570,1527.0,"
			","
			"
0,0.787,mbrainz_2737,lastFM_64257,Butterfly Wings,Butterfly,Machines of Loving Grace,Charlie Gracie,464,,"
			",
0,0.77,mbrainz_3959,lastFM_49608,Resurrection,Resurrection,"Womack, Bobby",Reba Rambo,4027,,"
			",
0,0.92,mbrainz_20461,lastFM_48581,Evil Friends,Evil Friends,Portugal. The Man,Portugal. T. Man,2908,2100.0,"
			","
			"
0,0.911,mbrainz_13255,lastFM_70995,"Glee: The Music, Volume 5",Glee The Music Presents The Warblers,Glee Cast,Glee Cast,3409,,"
			",
0,0.801,mbrainz_13383,lastFM_78942,Trilogy EP,Trilogy,EELS,"Emerson, Lake .",629,,"
			",
0,0.77,mbrainz_29816,lastFM_76111,Visions of the Seeker,Visions,Angband,Gandalf,2522,2232.0,"
			","
			"
0,1.0,mbrainz_21943,lastFM_55673,Hot Night Cold Spaceship,Hot Night Cold Spaceship,"Tempest, Kate",Kate Tempest,0,270.0,"
			","
			"
0,0.8,mbrainz_4966,lastFM_41004,Beyond the Sound Barrier,Beyond  Sound,"Shorter, Wayne Quartet",Powertrane,4063,,"
			",
0,0.937,mbrainz_7217,lastFM_79215,Fallen Star,Fallen,CJ Stone,Burzum,2826,2851.0,"
			","
			"
0,0.798,mbrainz_143,lastFM_25186,Fallen (remix) / Bad Dreams,Fallen,Matrix,Mya,696,695.0,"
			","
			"
0,0.795,mbrainz_26674,lastFM_77230,Outside Eden,Outside Reality,"Eggleston, Kat",Ovaciir,2325,3468.0,"
			","
			"
0,0.81,mbrainz_27764,lastFM_34619,Classics,Classics - ,"King, B.B.",T. Twins,2351,2082.0,"
			","
			"
0,0.775,mbrainz_25178,lastFM_78203,The Empires of Death,Empires,4Arm,Hillsong United,2866,2778.0,"
			","
			"
0,0.862,mbrainz_29127,lastFM_67671,Echoes,Echoes Of Atom Heart Mother,Anggun,P. Floyd,3877,3477.0,"
			","
			"
0,0.786,mbrainz_10025,lastFM_57484,Beautiful Anxiety,Beautiful ,"Rissanen, Aki",Garbage,2733,2424.0,"
			","
			"
0,0.867,mbrainz_1709,lastFM_11345,Beyond the Veil,Beyond the Apocalypse,Tristania (and others),1349,3130,2628.0,"
			","
			"
0,0.896,mbrainz_14073,lastFM_30614,Spirit of Sacrifice,Spirit  Sacrifice,Arditi,Arditi,2659,1763.0,"
			","
			"
0,0.861,mbrainz_14245,lastFM_83403,MTV Unplugged,Unplugged,Seal,ÃÅ“ÃÂ°Ã‘â‚¬ÃÂ°,4639,3696.0,"
			","
			"
0,0.781,mbrainz_12781,lastFM_66761,Spirit, Spirit,"Reed, Preston",Eddie LeJeune,2743,2791.0,"
			","
			"
